2025-08-01 01:57:37.935 [restartedMain] INFO  com.easyticket.EasyTicketApplication - Starting EasyTicketApplication using Java 23.0.2 on DESKTOP-001VMVM with PID 22880 (H:\WebProgramming\easy-ticket-system\target\classes started by hp in H:\WebProgramming\easy-ticket-system)
2025-08-01 01:57:37.939 [restartedMain] DEBUG com.easyticket.EasyTicketApplication - Running with Spring Boot v2.7.17, Spring v5.3.30
2025-08-01 01:57:37.939 [restartedMain] INFO  com.easyticket.EasyTicketApplication - No active profile set, falling back to 1 default profile: "default"
2025-08-01 01:57:37.996 [restartedMain] INFO  o.s.b.d.e.DevToolsPropertyDefaultsPostProcessor - Devtools property defaults active! Set 'spring.devtools.add-properties' to 'false' to disable
2025-08-01 01:57:37.999 [restartedMain] INFO  o.s.b.d.e.DevToolsPropertyDefaultsPostProcessor - For additional web related logging consider setting the 'logging.level.web' property to 'DEBUG'
2025-08-01 01:57:38.798 [restartedMain] INFO  o.s.d.r.c.RepositoryConfigurationDelegate - Bootstrapping Spring Data JPA repositories in DEFAULT mode.
2025-08-01 01:57:38.812 [restartedMain] INFO  o.s.d.r.c.RepositoryConfigurationDelegate - Finished Spring Data repository scanning in 7 ms. Found 0 JPA repository interfaces.
2025-08-01 01:57:39.552 [restartedMain] INFO  o.s.b.w.e.tomcat.TomcatWebServer - Tomcat initialized with port(s): 8080 (http)
2025-08-01 01:57:39.559 [restartedMain] INFO  o.a.catalina.core.StandardService - Starting service [Tomcat]
2025-08-01 01:57:39.560 [restartedMain] INFO  o.a.catalina.core.StandardEngine - Starting Servlet engine: [Apache Tomcat/9.0.82]
2025-08-01 01:57:39.888 [restartedMain] INFO  org.apache.jasper.servlet.TldScanner - At least one JAR was scanned for TLDs yet contained no TLDs. Enable debug logging for this logger for a complete list of JARs that were scanned but no TLDs were found in them. Skipping unneeded JARs during scanning can improve startup time and JSP compilation time.
2025-08-01 01:57:39.901 [restartedMain] INFO  o.a.c.c.C.[Tomcat].[localhost].[/] - Initializing Spring embedded WebApplicationContext
2025-08-01 01:57:39.901 [restartedMain] INFO  o.s.b.w.s.c.ServletWebServerApplicationContext - Root WebApplicationContext: initialization completed in 1901 ms
2025-08-01 01:57:40.118 [restartedMain] WARN  o.s.b.a.o.j.JpaBaseConfiguration$JpaWebConfiguration - spring.jpa.open-in-view is enabled by default. Therefore, database queries may be performed during view rendering. Explicitly configure spring.jpa.open-in-view to disable this warning
2025-08-01 01:57:40.171 [restartedMain] INFO  com.zaxxer.hikari.HikariDataSource - HikariPool - Starting...
2025-08-01 01:57:40.354 [restartedMain] INFO  com.zaxxer.hikari.HikariDataSource - HikariPool - Start completed.
2025-08-01 01:57:40.398 [restartedMain] INFO  o.h.jpa.internal.util.LogHelper - HHH000204: Processing PersistenceUnitInfo [name: default]
2025-08-01 01:57:40.453 [restartedMain] INFO  org.hibernate.Version - HHH000412: Hibernate ORM core version 5.6.15.Final
2025-08-01 01:57:40.621 [restartedMain] INFO  o.h.annotations.common.Version - HCANN000001: Hibernate Commons Annotations {5.1.2.Final}
2025-08-01 01:57:40.731 [restartedMain] INFO  org.hibernate.dialect.Dialect - HHH000400: Using dialect: org.hibernate.dialect.MySQL8Dialect
2025-08-01 01:57:41.321 [restartedMain] INFO  o.h.e.t.j.p.i.JtaPlatformInitiator - HHH000490: Using JtaPlatform implementation: [org.hibernate.engine.transaction.jta.platform.internal.NoJtaPlatform]
2025-08-01 01:57:41.329 [restartedMain] INFO  o.s.o.j.LocalContainerEntityManagerFactoryBean - Initialized JPA EntityManagerFactory for persistence unit 'default'
2025-08-01 01:57:41.604 [restartedMain] WARN  o.a.c.c.C.[Tomcat].[localhost].[/] - Cannot deserialize session attribute [SPRING_SECURITY_CONTEXT] for session [BD82664B65FB1F45846CEDD597299564]
2025-08-01 01:57:41.654 [restartedMain] DEBUG o.s.s.a.p.PrePostAnnotationSecurityMetadataSource - @org.springframework.security.access.prepost.PreAuthorize("hasRole('ADMIN')") found on specific method: public org.springframework.http.ResponseEntity com.easyticket.controller.MainController.getAdminStats()
2025-08-01 01:57:41.668 [restartedMain] DEBUG o.s.s.a.m.DelegatingMethodSecurityMetadataSource - Caching method [CacheKey[com.easyticket.controller.MainController; public org.springframework.http.ResponseEntity com.easyticket.controller.MainController.getAdminStats()]] with attributes [[authorize: 'hasRole('ADMIN')', filter: 'null', filterTarget: 'null']]
2025-08-01 01:57:41.680 [restartedMain] DEBUG o.s.s.a.p.PrePostAnnotationSecurityMetadataSource - @org.springframework.security.access.prepost.PreAuthorize("hasRole('ADMIN') or hasRole('MANAGER')") found on specific method: public org.springframework.http.ResponseEntity com.easyticket.controller.TicketController.updateEvent(java.lang.Long,com.easyticket.entity.Event,org.springframework.security.core.Authentication)
2025-08-01 01:57:41.681 [restartedMain] DEBUG o.s.s.a.m.DelegatingMethodSecurityMetadataSource - Caching method [CacheKey[com.easyticket.controller.TicketController; public org.springframework.http.ResponseEntity com.easyticket.controller.TicketController.updateEvent(java.lang.Long,com.easyticket.entity.Event,org.springframework.security.core.Authentication)]] with attributes [[authorize: 'hasRole('ADMIN') or hasRole('MANAGER')', filter: 'null', filterTarget: 'null']]
2025-08-01 01:57:41.682 [restartedMain] DEBUG o.s.s.a.p.PrePostAnnotationSecurityMetadataSource - @org.springframework.security.access.prepost.PreAuthorize("hasRole('ADMIN') or hasRole('MANAGER')") found on specific method: public org.springframework.http.ResponseEntity com.easyticket.controller.TicketController.checkEventDeletion(java.lang.Long,org.springframework.security.core.Authentication)
2025-08-01 01:57:41.682 [restartedMain] DEBUG o.s.s.a.m.DelegatingMethodSecurityMetadataSource - Caching method [CacheKey[com.easyticket.controller.TicketController; public org.springframework.http.ResponseEntity com.easyticket.controller.TicketController.checkEventDeletion(java.lang.Long,org.springframework.security.core.Authentication)]] with attributes [[authorize: 'hasRole('ADMIN') or hasRole('MANAGER')', filter: 'null', filterTarget: 'null']]
2025-08-01 01:57:41.682 [restartedMain] DEBUG o.s.s.a.p.PrePostAnnotationSecurityMetadataSource - @org.springframework.security.access.prepost.PreAuthorize("hasAnyRole('ADMIN', 'MANAGER')") found on specific method: public org.springframework.http.ResponseEntity com.easyticket.controller.TicketController.updateOrderStatus(java.lang.Long,java.lang.String)
2025-08-01 01:57:41.682 [restartedMain] DEBUG o.s.s.a.m.DelegatingMethodSecurityMetadataSource - Caching method [CacheKey[com.easyticket.controller.TicketController; public org.springframework.http.ResponseEntity com.easyticket.controller.TicketController.updateOrderStatus(java.lang.Long,java.lang.String)]] with attributes [[authorize: 'hasAnyRole('ADMIN', 'MANAGER')', filter: 'null', filterTarget: 'null']]
2025-08-01 01:57:41.682 [restartedMain] DEBUG o.s.s.a.p.PrePostAnnotationSecurityMetadataSource - @org.springframework.security.access.prepost.PreAuthorize("hasRole('ADMIN') or hasRole('MANAGER')") found on specific method: public org.springframework.http.ResponseEntity com.easyticket.controller.TicketController.getEventById(java.lang.Long)
2025-08-01 01:57:41.683 [restartedMain] DEBUG o.s.s.a.m.DelegatingMethodSecurityMetadataSource - Caching method [CacheKey[com.easyticket.controller.TicketController; public org.springframework.http.ResponseEntity com.easyticket.controller.TicketController.getEventById(java.lang.Long)]] with attributes [[authorize: 'hasRole('ADMIN') or hasRole('MANAGER')', filter: 'null', filterTarget: 'null']]
2025-08-01 01:57:41.683 [restartedMain] DEBUG o.s.s.a.p.PrePostAnnotationSecurityMetadataSource - @org.springframework.security.access.prepost.PreAuthorize("hasAnyRole('ADMIN', 'MANAGER')") found on specific method: public org.springframework.http.ResponseEntity com.easyticket.controller.TicketController.getOrderStats()
2025-08-01 01:57:41.683 [restartedMain] DEBUG o.s.s.a.m.DelegatingMethodSecurityMetadataSource - Caching method [CacheKey[com.easyticket.controller.TicketController; public org.springframework.http.ResponseEntity com.easyticket.controller.TicketController.getOrderStats()]] with attributes [[authorize: 'hasAnyRole('ADMIN', 'MANAGER')', filter: 'null', filterTarget: 'null']]
2025-08-01 01:57:41.683 [restartedMain] DEBUG o.s.s.a.p.PrePostAnnotationSecurityMetadataSource - @org.springframework.security.access.prepost.PreAuthorize("hasAnyRole('ADMIN', 'MANAGER')") found on specific method: public org.springframework.http.ResponseEntity com.easyticket.controller.TicketController.getAllOrders(int,int,java.lang.String,java.lang.String)
2025-08-01 01:57:41.683 [restartedMain] DEBUG o.s.s.a.m.DelegatingMethodSecurityMetadataSource - Caching method [CacheKey[com.easyticket.controller.TicketController; public org.springframework.http.ResponseEntity com.easyticket.controller.TicketController.getAllOrders(int,int,java.lang.String,java.lang.String)]] with attributes [[authorize: 'hasAnyRole('ADMIN', 'MANAGER')', filter: 'null', filterTarget: 'null']]
2025-08-01 01:57:41.683 [restartedMain] DEBUG o.s.s.a.p.PrePostAnnotationSecurityMetadataSource - @org.springframework.security.access.prepost.PreAuthorize("hasAnyRole('ADMIN', 'MANAGER')") found on specific method: public org.springframework.http.ResponseEntity com.easyticket.controller.TicketController.completeOrder(java.lang.Long)
2025-08-01 01:57:41.683 [restartedMain] DEBUG o.s.s.a.m.DelegatingMethodSecurityMetadataSource - Caching method [CacheKey[com.easyticket.controller.TicketController; public org.springframework.http.ResponseEntity com.easyticket.controller.TicketController.completeOrder(java.lang.Long)]] with attributes [[authorize: 'hasAnyRole('ADMIN', 'MANAGER')', filter: 'null', filterTarget: 'null']]
2025-08-01 01:57:41.684 [restartedMain] DEBUG o.s.s.a.p.PrePostAnnotationSecurityMetadataSource - @org.springframework.security.access.prepost.PreAuthorize("hasRole('ADMIN') or hasRole('MANAGER')") found on specific method: public org.springframework.http.ResponseEntity com.easyticket.controller.TicketController.toggleEventStatus(java.lang.Long,org.springframework.security.core.Authentication)
2025-08-01 01:57:41.684 [restartedMain] DEBUG o.s.s.a.m.DelegatingMethodSecurityMetadataSource - Caching method [CacheKey[com.easyticket.controller.TicketController; public org.springframework.http.ResponseEntity com.easyticket.controller.TicketController.toggleEventStatus(java.lang.Long,org.springframework.security.core.Authentication)]] with attributes [[authorize: 'hasRole('ADMIN') or hasRole('MANAGER')', filter: 'null', filterTarget: 'null']]
2025-08-01 01:57:41.684 [restartedMain] DEBUG o.s.s.a.p.PrePostAnnotationSecurityMetadataSource - @org.springframework.security.access.prepost.PreAuthorize("hasAnyRole('ADMIN', 'MANAGER')") found on specific method: public java.lang.String com.easyticket.controller.TicketController.allOrdersPage()
2025-08-01 01:57:41.684 [restartedMain] DEBUG o.s.s.a.m.DelegatingMethodSecurityMetadataSource - Caching method [CacheKey[com.easyticket.controller.TicketController; public java.lang.String com.easyticket.controller.TicketController.allOrdersPage()]] with attributes [[authorize: 'hasAnyRole('ADMIN', 'MANAGER')', filter: 'null', filterTarget: 'null']]
2025-08-01 01:57:41.684 [restartedMain] DEBUG o.s.s.a.p.PrePostAnnotationSecurityMetadataSource - @org.springframework.security.access.prepost.PreAuthorize("hasRole('ADMIN') or hasRole('MANAGER')") found on specific method: public org.springframework.http.ResponseEntity com.easyticket.controller.TicketController.deleteEvent(java.lang.Long,boolean,org.springframework.security.core.Authentication)
2025-08-01 01:57:41.684 [restartedMain] DEBUG o.s.s.a.m.DelegatingMethodSecurityMetadataSource - Caching method [CacheKey[com.easyticket.controller.TicketController; public org.springframework.http.ResponseEntity com.easyticket.controller.TicketController.deleteEvent(java.lang.Long,boolean,org.springframework.security.core.Authentication)]] with attributes [[authorize: 'hasRole('ADMIN') or hasRole('MANAGER')', filter: 'null', filterTarget: 'null']]
2025-08-01 01:57:41.684 [restartedMain] DEBUG o.s.s.a.p.PrePostAnnotationSecurityMetadataSource - @org.springframework.security.access.prepost.PreAuthorize("hasRole('ADMIN') or hasRole('MANAGER')") found on specific method: public org.springframework.http.ResponseEntity com.easyticket.controller.TicketController.createEvent(com.easyticket.entity.Event,org.springframework.security.core.Authentication)
2025-08-01 01:57:41.684 [restartedMain] DEBUG o.s.s.a.m.DelegatingMethodSecurityMetadataSource - Caching method [CacheKey[com.easyticket.controller.TicketController; public org.springframework.http.ResponseEntity com.easyticket.controller.TicketController.createEvent(com.easyticket.entity.Event,org.springframework.security.core.Authentication)]] with attributes [[authorize: 'hasRole('ADMIN') or hasRole('MANAGER')', filter: 'null', filterTarget: 'null']]
2025-08-01 01:57:41.684 [restartedMain] DEBUG o.s.s.a.p.PrePostAnnotationSecurityMetadataSource - @org.springframework.security.access.prepost.PreAuthorize("hasRole('ADMIN') or hasRole('MANAGER')") found on specific method: public java.lang.String com.easyticket.controller.TicketController.eventManagementPage(org.springframework.ui.Model)
2025-08-01 01:57:41.685 [restartedMain] DEBUG o.s.s.a.m.DelegatingMethodSecurityMetadataSource - Caching method [CacheKey[com.easyticket.controller.TicketController; public java.lang.String com.easyticket.controller.TicketController.eventManagementPage(org.springframework.ui.Model)]] with attributes [[authorize: 'hasRole('ADMIN') or hasRole('MANAGER')', filter: 'null', filterTarget: 'null']]
2025-08-01 01:57:41.688 [restartedMain] DEBUG o.s.s.a.p.PrePostAnnotationSecurityMetadataSource - @org.springframework.security.access.prepost.PreAuthorize("hasRole('ADMIN')") found on: com.easyticket.controller.UserController
2025-08-01 01:57:41.688 [restartedMain] DEBUG o.s.s.a.m.DelegatingMethodSecurityMetadataSource - Caching method [CacheKey[com.easyticket.controller.UserController; public org.springframework.http.ResponseEntity com.easyticket.controller.UserController.updateUser(java.lang.Long,com.easyticket.entity.User)]] with attributes [[authorize: 'hasRole('ADMIN')', filter: 'null', filterTarget: 'null']]
2025-08-01 01:57:41.689 [restartedMain] DEBUG o.s.s.a.p.PrePostAnnotationSecurityMetadataSource - @org.springframework.security.access.prepost.PreAuthorize("hasRole('ADMIN')") found on: com.easyticket.controller.UserController
2025-08-01 01:57:41.689 [restartedMain] DEBUG o.s.s.a.m.DelegatingMethodSecurityMetadataSource - Caching method [CacheKey[com.easyticket.controller.UserController; public org.springframework.http.ResponseEntity com.easyticket.controller.UserController.createUser(com.easyticket.entity.User)]] with attributes [[authorize: 'hasRole('ADMIN')', filter: 'null', filterTarget: 'null']]
2025-08-01 01:57:41.689 [restartedMain] DEBUG o.s.s.a.p.PrePostAnnotationSecurityMetadataSource - @org.springframework.security.access.prepost.PreAuthorize("hasRole('ADMIN')") found on: com.easyticket.controller.UserController
2025-08-01 01:57:41.689 [restartedMain] DEBUG o.s.s.a.m.DelegatingMethodSecurityMetadataSource - Caching method [CacheKey[com.easyticket.controller.UserController; public org.springframework.http.ResponseEntity com.easyticket.controller.UserController.deleteUser(java.lang.Long)]] with attributes [[authorize: 'hasRole('ADMIN')', filter: 'null', filterTarget: 'null']]
2025-08-01 01:57:41.689 [restartedMain] DEBUG o.s.s.a.p.PrePostAnnotationSecurityMetadataSource - @org.springframework.security.access.prepost.PreAuthorize("hasRole('ADMIN')") found on: com.easyticket.controller.UserController
2025-08-01 01:57:41.689 [restartedMain] DEBUG o.s.s.a.m.DelegatingMethodSecurityMetadataSource - Caching method [CacheKey[com.easyticket.controller.UserController; public org.springframework.http.ResponseEntity com.easyticket.controller.UserController.updateUserRole(java.lang.Long,java.util.Map)]] with attributes [[authorize: 'hasRole('ADMIN')', filter: 'null', filterTarget: 'null']]
2025-08-01 01:57:41.689 [restartedMain] DEBUG o.s.s.a.p.PrePostAnnotationSecurityMetadataSource - @org.springframework.security.access.prepost.PreAuthorize("hasRole('ADMIN')") found on: com.easyticket.controller.UserController
2025-08-01 01:57:41.689 [restartedMain] DEBUG o.s.s.a.m.DelegatingMethodSecurityMetadataSource - Caching method [CacheKey[com.easyticket.controller.UserController; public org.springframework.http.ResponseEntity com.easyticket.controller.UserController.getUserDetail(java.lang.Long)]] with attributes [[authorize: 'hasRole('ADMIN')', filter: 'null', filterTarget: 'null']]
2025-08-01 01:57:41.689 [restartedMain] DEBUG o.s.s.a.p.PrePostAnnotationSecurityMetadataSource - @org.springframework.security.access.prepost.PreAuthorize("hasRole('ADMIN')") found on: com.easyticket.controller.UserController
2025-08-01 01:57:41.690 [restartedMain] DEBUG o.s.s.a.m.DelegatingMethodSecurityMetadataSource - Caching method [CacheKey[com.easyticket.controller.UserController; public org.springframework.http.ResponseEntity com.easyticket.controller.UserController.updateUserStatus(java.lang.Long,java.util.Map)]] with attributes [[authorize: 'hasRole('ADMIN')', filter: 'null', filterTarget: 'null']]
2025-08-01 01:57:41.690 [restartedMain] DEBUG o.s.s.a.p.PrePostAnnotationSecurityMetadataSource - @org.springframework.security.access.prepost.PreAuthorize("hasRole('ADMIN')") found on: com.easyticket.controller.UserController
2025-08-01 01:57:41.690 [restartedMain] DEBUG o.s.s.a.m.DelegatingMethodSecurityMetadataSource - Caching method [CacheKey[com.easyticket.controller.UserController; public org.springframework.http.ResponseEntity com.easyticket.controller.UserController.getUserList(int,int,java.lang.String,java.lang.String,java.lang.Boolean)]] with attributes [[authorize: 'hasRole('ADMIN')', filter: 'null', filterTarget: 'null']]
2025-08-01 01:57:41.690 [restartedMain] DEBUG o.s.s.a.p.PrePostAnnotationSecurityMetadataSource - @org.springframework.security.access.prepost.PreAuthorize("hasRole('ADMIN')") found on: com.easyticket.controller.UserController
2025-08-01 01:57:41.690 [restartedMain] DEBUG o.s.s.a.m.DelegatingMethodSecurityMetadataSource - Caching method [CacheKey[com.easyticket.controller.UserController; public org.springframework.http.ResponseEntity com.easyticket.controller.UserController.batchDeleteUsers(java.util.Map)]] with attributes [[authorize: 'hasRole('ADMIN')', filter: 'null', filterTarget: 'null']]
2025-08-01 01:57:41.690 [restartedMain] DEBUG o.s.s.a.p.PrePostAnnotationSecurityMetadataSource - @org.springframework.security.access.prepost.PreAuthorize("hasRole('ADMIN')") found on: com.easyticket.controller.UserController
2025-08-01 01:57:41.690 [restartedMain] DEBUG o.s.s.a.m.DelegatingMethodSecurityMetadataSource - Caching method [CacheKey[com.easyticket.controller.UserController; public java.lang.String com.easyticket.controller.UserController.userListPage()]] with attributes [[authorize: 'hasRole('ADMIN')', filter: 'null', filterTarget: 'null']]
2025-08-01 01:57:41.690 [restartedMain] DEBUG o.s.s.a.p.PrePostAnnotationSecurityMetadataSource - @org.springframework.security.access.prepost.PreAuthorize("hasRole('ADMIN')") found on: com.easyticket.controller.UserController
2025-08-01 01:57:41.690 [restartedMain] DEBUG o.s.s.a.m.DelegatingMethodSecurityMetadataSource - Caching method [CacheKey[com.easyticket.controller.UserController; public org.springframework.http.ResponseEntity com.easyticket.controller.UserController.resetPassword(java.lang.Long,java.util.Map)]] with attributes [[authorize: 'hasRole('ADMIN')', filter: 'null', filterTarget: 'null']]
2025-08-01 01:57:41.691 [restartedMain] DEBUG o.s.s.a.p.PrePostAnnotationSecurityMetadataSource - @org.springframework.security.access.prepost.PreAuthorize("hasRole('ADMIN')") found on: com.easyticket.controller.UserController
2025-08-01 01:57:41.691 [restartedMain] DEBUG o.s.s.a.m.DelegatingMethodSecurityMetadataSource - Caching method [CacheKey[com.easyticket.controller.UserController; public org.springframework.http.ResponseEntity com.easyticket.controller.UserController.getUserStats()]] with attributes [[authorize: 'hasRole('ADMIN')', filter: 'null', filterTarget: 'null']]
2025-08-01 01:57:41.969 [restartedMain] DEBUG o.s.s.w.a.e.ExpressionBasedFilterInvocationSecurityMetadataSource - Adding web access control expression [permitAll] for ExactUrl [processUrl='/login?error']
2025-08-01 01:57:41.969 [restartedMain] DEBUG o.s.s.w.a.e.ExpressionBasedFilterInvocationSecurityMetadataSource - Adding web access control expression [permitAll] for ExactUrl [processUrl='/perform-login']
2025-08-01 01:57:41.969 [restartedMain] DEBUG o.s.s.w.a.e.ExpressionBasedFilterInvocationSecurityMetadataSource - Adding web access control expression [permitAll] for ExactUrl [processUrl='/login']
2025-08-01 01:57:41.969 [restartedMain] DEBUG o.s.s.w.a.e.ExpressionBasedFilterInvocationSecurityMetadataSource - Adding web access control expression [permitAll] for Ant [pattern='/logout', POST]
2025-08-01 01:57:41.969 [restartedMain] DEBUG o.s.s.w.a.e.ExpressionBasedFilterInvocationSecurityMetadataSource - Adding web access control expression [permitAll] for ExactUrl [processUrl='/login?logout']
2025-08-01 01:57:41.969 [restartedMain] DEBUG o.s.s.w.a.e.ExpressionBasedFilterInvocationSecurityMetadataSource - Adding web access control expression [permitAll] for Ant [pattern='/static/**']
2025-08-01 01:57:41.969 [restartedMain] DEBUG o.s.s.w.a.e.ExpressionBasedFilterInvocationSecurityMetadataSource - Adding web access control expression [permitAll] for Ant [pattern='/css/**']
2025-08-01 01:57:41.970 [restartedMain] DEBUG o.s.s.w.a.e.ExpressionBasedFilterInvocationSecurityMetadataSource - Adding web access control expression [permitAll] for Ant [pattern='/js/**']
2025-08-01 01:57:41.970 [restartedMain] DEBUG o.s.s.w.a.e.ExpressionBasedFilterInvocationSecurityMetadataSource - Adding web access control expression [permitAll] for Ant [pattern='/images/**']
2025-08-01 01:57:41.970 [restartedMain] DEBUG o.s.s.w.a.e.ExpressionBasedFilterInvocationSecurityMetadataSource - Adding web access control expression [permitAll] for Ant [pattern='/layui/**']
2025-08-01 01:57:41.970 [restartedMain] DEBUG o.s.s.w.a.e.ExpressionBasedFilterInvocationSecurityMetadataSource - Adding web access control expression [permitAll] for Ant [pattern='/']
2025-08-01 01:57:41.970 [restartedMain] DEBUG o.s.s.w.a.e.ExpressionBasedFilterInvocationSecurityMetadataSource - Adding web access control expression [permitAll] for Ant [pattern='/login']
2025-08-01 01:57:41.970 [restartedMain] DEBUG o.s.s.w.a.e.ExpressionBasedFilterInvocationSecurityMetadataSource - Adding web access control expression [permitAll] for Ant [pattern='/register']
2025-08-01 01:57:41.970 [restartedMain] DEBUG o.s.s.w.a.e.ExpressionBasedFilterInvocationSecurityMetadataSource - Adding web access control expression [permitAll] for Ant [pattern='/perform-register']
2025-08-01 01:57:41.970 [restartedMain] DEBUG o.s.s.w.a.e.ExpressionBasedFilterInvocationSecurityMetadataSource - Adding web access control expression [permitAll] for Ant [pattern='/activate']
2025-08-01 01:57:41.970 [restartedMain] DEBUG o.s.s.w.a.e.ExpressionBasedFilterInvocationSecurityMetadataSource - Adding web access control expression [permitAll] for Ant [pattern='/forgot-password']
2025-08-01 01:57:41.970 [restartedMain] DEBUG o.s.s.w.a.e.ExpressionBasedFilterInvocationSecurityMetadataSource - Adding web access control expression [permitAll] for Ant [pattern='/reset-password']
2025-08-01 01:57:41.971 [restartedMain] DEBUG o.s.s.w.a.e.ExpressionBasedFilterInvocationSecurityMetadataSource - Adding web access control expression [permitAll] for Ant [pattern='/captcha']
2025-08-01 01:57:41.971 [restartedMain] DEBUG o.s.s.w.a.e.ExpressionBasedFilterInvocationSecurityMetadataSource - Adding web access control expression [permitAll] for Ant [pattern='/api/**']
2025-08-01 01:57:41.971 [restartedMain] DEBUG o.s.s.w.a.e.ExpressionBasedFilterInvocationSecurityMetadataSource - Adding web access control expression [hasRole('ROLE_ADMIN')] for Ant [pattern='/admin/**']
2025-08-01 01:57:41.971 [restartedMain] DEBUG o.s.s.w.a.e.ExpressionBasedFilterInvocationSecurityMetadataSource - Adding web access control expression [hasAnyRole('ROLE_ADMIN','ROLE_MANAGER')] for Ant [pattern='/manage/**']
2025-08-01 01:57:41.971 [restartedMain] DEBUG o.s.s.w.a.e.ExpressionBasedFilterInvocationSecurityMetadataSource - Adding web access control expression [authenticated] for any request
2025-08-01 01:57:41.978 [restartedMain] INFO  o.s.s.web.DefaultSecurityFilterChain - Will secure any request with [org.springframework.security.web.session.DisableEncodeUrlFilter@60b532d4, org.springframework.security.web.context.request.async.WebAsyncManagerIntegrationFilter@4bc53a5c, org.springframework.security.web.context.SecurityContextPersistenceFilter@1afbc09e, org.springframework.security.web.header.HeaderWriterFilter@5a67920, org.springframework.security.web.csrf.CsrfFilter@50e0514c, org.springframework.security.web.authentication.logout.LogoutFilter@717cf335, org.springframework.security.web.authentication.UsernamePasswordAuthenticationFilter@6592007c, org.springframework.security.web.session.ConcurrentSessionFilter@63e321c3, org.springframework.security.web.savedrequest.RequestCacheAwareFilter@c1e5bd9, org.springframework.security.web.servletapi.SecurityContextHolderAwareRequestFilter@567c3ad6, org.springframework.security.web.authentication.AnonymousAuthenticationFilter@1c30eb51, org.springframework.security.web.session.SessionManagementFilter@385e4530, org.springframework.security.web.access.ExceptionTranslationFilter@77033f, org.springframework.security.web.access.intercept.FilterSecurityInterceptor@4da776d5]
2025-08-01 01:57:42.280 [restartedMain] INFO  o.s.b.d.a.OptionalLiveReloadServer - LiveReload server is running on port 35729
2025-08-01 01:57:42.287 [restartedMain] INFO  o.s.b.a.e.web.EndpointLinksResolver - Exposing 3 endpoint(s) beneath base path '/actuator'
2025-08-01 01:57:42.345 [restartedMain] INFO  o.s.b.w.e.tomcat.TomcatWebServer - Tomcat started on port(s): 8080 (http) with context path ''
2025-08-01 01:57:42.360 [restartedMain] INFO  com.easyticket.EasyTicketApplication - Started EasyTicketApplication in 4.788 seconds (JVM running for 5.617)
2025-08-01 01:57:42.887 [RMI TCP Connection(3)-192.168.254.102] INFO  o.a.c.c.C.[Tomcat].[localhost].[/] - Initializing Spring DispatcherServlet 'dispatcherServlet'
2025-08-01 01:57:42.888 [RMI TCP Connection(3)-192.168.254.102] INFO  o.s.web.servlet.DispatcherServlet - Initializing Servlet 'dispatcherServlet'
2025-08-01 01:57:42.889 [RMI TCP Connection(3)-192.168.254.102] INFO  o.s.web.servlet.DispatcherServlet - Completed initialization in 1 ms
2025-08-01 01:58:09.571 [http-nio-8080-exec-1] DEBUG o.s.security.web.FilterChainProxy - Securing GET /
2025-08-01 01:58:09.574 [http-nio-8080-exec-1] DEBUG o.s.s.w.c.SecurityContextPersistenceFilter - Set SecurityContextHolder to empty SecurityContext
2025-08-01 01:58:09.576 [http-nio-8080-exec-1] DEBUG o.s.s.w.a.AnonymousAuthenticationFilter - Set SecurityContextHolder to anonymous SecurityContext
2025-08-01 01:58:09.581 [http-nio-8080-exec-1] DEBUG o.s.s.w.a.i.FilterSecurityInterceptor - Authorized filter invocation [GET /] with attributes [permitAll]
2025-08-01 01:58:09.582 [http-nio-8080-exec-1] DEBUG o.s.security.web.FilterChainProxy - Secured GET /
2025-08-01 01:58:10.226 [http-nio-8080-exec-1] DEBUG o.s.s.w.s.HttpSessionEventPublisher - Publishing event: org.springframework.security.web.session.HttpSessionCreatedEvent[source=org.apache.catalina.session.StandardSessionFacade@4aade75e]
2025-08-01 01:58:10.261 [http-nio-8080-exec-1] DEBUG o.s.s.w.c.HttpSessionSecurityContextRepository - Did not store anonymous SecurityContext
2025-08-01 01:58:10.265 [http-nio-8080-exec-1] DEBUG o.s.s.w.c.HttpSessionSecurityContextRepository - Did not store anonymous SecurityContext
2025-08-01 01:58:10.265 [http-nio-8080-exec-1] DEBUG o.s.s.w.c.SecurityContextPersistenceFilter - Cleared SecurityContextHolder to complete request
2025-08-01 01:58:10.271 [http-nio-8080-exec-4] DEBUG o.s.security.web.FilterChainProxy - Securing GET /static/layui/layui.js
2025-08-01 01:58:10.271 [http-nio-8080-exec-3] DEBUG o.s.security.web.FilterChainProxy - Securing GET /images/avatar-default.svg
2025-08-01 01:58:10.271 [http-nio-8080-exec-2] DEBUG o.s.security.web.FilterChainProxy - Securing GET /static/layui/css/layui.css
2025-08-01 01:58:10.271 [http-nio-8080-exec-3] DEBUG o.s.s.w.c.SecurityContextPersistenceFilter - Set SecurityContextHolder to empty SecurityContext
2025-08-01 01:58:10.271 [http-nio-8080-exec-4] DEBUG o.s.s.w.c.SecurityContextPersistenceFilter - Set SecurityContextHolder to empty SecurityContext
2025-08-01 01:58:10.272 [http-nio-8080-exec-2] DEBUG o.s.s.w.c.SecurityContextPersistenceFilter - Set SecurityContextHolder to empty SecurityContext
2025-08-01 01:58:10.272 [http-nio-8080-exec-4] DEBUG o.s.s.w.a.AnonymousAuthenticationFilter - Set SecurityContextHolder to anonymous SecurityContext
2025-08-01 01:58:10.272 [http-nio-8080-exec-3] DEBUG o.s.s.w.a.AnonymousAuthenticationFilter - Set SecurityContextHolder to anonymous SecurityContext
2025-08-01 01:58:10.272 [http-nio-8080-exec-2] DEBUG o.s.s.w.a.AnonymousAuthenticationFilter - Set SecurityContextHolder to anonymous SecurityContext
2025-08-01 01:58:10.272 [http-nio-8080-exec-2] DEBUG o.s.s.w.a.i.FilterSecurityInterceptor - Authorized filter invocation [GET /static/layui/css/layui.css] with attributes [permitAll]
2025-08-01 01:58:10.272 [http-nio-8080-exec-4] DEBUG o.s.s.w.a.i.FilterSecurityInterceptor - Authorized filter invocation [GET /static/layui/layui.js] with attributes [permitAll]
2025-08-01 01:58:10.272 [http-nio-8080-exec-3] DEBUG o.s.s.w.a.i.FilterSecurityInterceptor - Authorized filter invocation [GET /images/avatar-default.svg] with attributes [permitAll]
2025-08-01 01:58:10.272 [http-nio-8080-exec-2] DEBUG o.s.security.web.FilterChainProxy - Secured GET /static/layui/css/layui.css
2025-08-01 01:58:10.272 [http-nio-8080-exec-4] DEBUG o.s.security.web.FilterChainProxy - Secured GET /static/layui/layui.js
2025-08-01 01:58:10.272 [http-nio-8080-exec-3] DEBUG o.s.security.web.FilterChainProxy - Secured GET /images/avatar-default.svg
2025-08-01 01:58:10.284 [http-nio-8080-exec-2] DEBUG o.s.s.w.c.HttpSessionSecurityContextRepository - Did not store anonymous SecurityContext
2025-08-01 01:58:10.284 [http-nio-8080-exec-4] DEBUG o.s.s.w.c.HttpSessionSecurityContextRepository - Did not store anonymous SecurityContext
2025-08-01 01:58:10.284 [http-nio-8080-exec-3] DEBUG o.s.s.w.c.HttpSessionSecurityContextRepository - Did not store anonymous SecurityContext
2025-08-01 01:58:10.285 [http-nio-8080-exec-3] DEBUG o.s.s.w.c.HttpSessionSecurityContextRepository - Did not store anonymous SecurityContext
2025-08-01 01:58:10.285 [http-nio-8080-exec-3] DEBUG o.s.s.w.c.SecurityContextPersistenceFilter - Cleared SecurityContextHolder to complete request
2025-08-01 01:58:10.286 [http-nio-8080-exec-2] DEBUG o.s.s.w.c.HttpSessionSecurityContextRepository - Did not store anonymous SecurityContext
2025-08-01 01:58:10.286 [http-nio-8080-exec-2] DEBUG o.s.s.w.c.SecurityContextPersistenceFilter - Cleared SecurityContextHolder to complete request
2025-08-01 01:58:10.287 [http-nio-8080-exec-4] DEBUG o.s.s.w.c.HttpSessionSecurityContextRepository - Did not store anonymous SecurityContext
2025-08-01 01:58:10.287 [http-nio-8080-exec-5] DEBUG o.s.security.web.FilterChainProxy - Securing GET /js/common.js
2025-08-01 01:58:10.287 [http-nio-8080-exec-4] DEBUG o.s.s.w.c.SecurityContextPersistenceFilter - Cleared SecurityContextHolder to complete request
2025-08-01 01:58:10.287 [http-nio-8080-exec-5] DEBUG o.s.s.w.c.SecurityContextPersistenceFilter - Set SecurityContextHolder to empty SecurityContext
2025-08-01 01:58:10.287 [http-nio-8080-exec-5] DEBUG o.s.s.w.a.AnonymousAuthenticationFilter - Set SecurityContextHolder to anonymous SecurityContext
2025-08-01 01:58:10.287 [http-nio-8080-exec-5] DEBUG o.s.s.w.a.i.FilterSecurityInterceptor - Authorized filter invocation [GET /js/common.js] with attributes [permitAll]
2025-08-01 01:58:10.287 [http-nio-8080-exec-5] DEBUG o.s.security.web.FilterChainProxy - Secured GET /js/common.js
2025-08-01 01:58:10.289 [http-nio-8080-exec-5] DEBUG o.s.s.w.c.HttpSessionSecurityContextRepository - Did not store anonymous SecurityContext
2025-08-01 01:58:10.289 [http-nio-8080-exec-5] DEBUG o.s.s.w.c.HttpSessionSecurityContextRepository - Did not store anonymous SecurityContext
2025-08-01 01:58:10.289 [http-nio-8080-exec-5] DEBUG o.s.s.w.c.SecurityContextPersistenceFilter - Cleared SecurityContextHolder to complete request
2025-08-01 01:58:10.290 [http-nio-8080-exec-5] DEBUG o.s.security.web.FilterChainProxy - Securing GET /error
2025-08-01 01:58:10.290 [http-nio-8080-exec-5] DEBUG o.s.s.w.c.SecurityContextPersistenceFilter - Set SecurityContextHolder to empty SecurityContext
2025-08-01 01:58:10.290 [http-nio-8080-exec-5] DEBUG o.s.s.w.a.AnonymousAuthenticationFilter - Set SecurityContextHolder to anonymous SecurityContext
2025-08-01 01:58:10.290 [http-nio-8080-exec-5] DEBUG o.s.security.web.FilterChainProxy - Secured GET /error
2025-08-01 01:58:10.308 [http-nio-8080-exec-5] DEBUG o.s.s.w.c.HttpSessionSecurityContextRepository - Did not store anonymous SecurityContext
2025-08-01 01:58:10.309 [http-nio-8080-exec-5] DEBUG o.s.s.w.c.HttpSessionSecurityContextRepository - Did not store anonymous SecurityContext
2025-08-01 01:58:10.309 [http-nio-8080-exec-5] DEBUG o.s.s.w.c.SecurityContextPersistenceFilter - Cleared SecurityContextHolder to complete request
2025-08-01 01:58:10.311 [http-nio-8080-exec-6] DEBUG o.s.security.web.FilterChainProxy - Securing GET /dashboard
2025-08-01 01:58:10.311 [http-nio-8080-exec-6] DEBUG o.s.s.w.c.SecurityContextPersistenceFilter - Set SecurityContextHolder to empty SecurityContext
2025-08-01 01:58:10.312 [http-nio-8080-exec-6] DEBUG o.s.s.w.a.AnonymousAuthenticationFilter - Set SecurityContextHolder to anonymous SecurityContext
2025-08-01 01:58:10.316 [http-nio-8080-exec-6] DEBUG o.s.s.w.a.i.FilterSecurityInterceptor - Failed to authorize filter invocation [GET /dashboard] with attributes [authenticated]
2025-08-01 01:58:10.320 [http-nio-8080-exec-6] DEBUG o.s.s.w.s.HttpSessionRequestCache - Saved request http://localhost:8080/dashboard to session
2025-08-01 01:58:10.321 [http-nio-8080-exec-6] DEBUG o.s.s.web.DefaultRedirectStrategy - Redirecting to http://localhost:8080/login
2025-08-01 01:58:10.321 [http-nio-8080-exec-6] DEBUG o.s.s.w.c.HttpSessionSecurityContextRepository - Did not store empty SecurityContext
2025-08-01 01:58:10.322 [http-nio-8080-exec-6] DEBUG o.s.s.w.c.HttpSessionSecurityContextRepository - Did not store empty SecurityContext
2025-08-01 01:58:10.322 [http-nio-8080-exec-6] DEBUG o.s.s.w.c.SecurityContextPersistenceFilter - Cleared SecurityContextHolder to complete request
2025-08-01 01:58:10.324 [http-nio-8080-exec-7] DEBUG o.s.security.web.FilterChainProxy - Securing GET /login
2025-08-01 01:58:10.325 [http-nio-8080-exec-7] DEBUG o.s.s.w.c.SecurityContextPersistenceFilter - Set SecurityContextHolder to empty SecurityContext
2025-08-01 01:58:10.325 [http-nio-8080-exec-7] DEBUG o.s.s.w.a.AnonymousAuthenticationFilter - Set SecurityContextHolder to anonymous SecurityContext
2025-08-01 01:58:10.325 [http-nio-8080-exec-7] DEBUG o.s.s.w.a.i.FilterSecurityInterceptor - Authorized filter invocation [GET /login] with attributes [permitAll]
2025-08-01 01:58:10.325 [http-nio-8080-exec-7] DEBUG o.s.security.web.FilterChainProxy - Secured GET /login
2025-08-01 01:58:10.332 [http-nio-8080-exec-8] DEBUG o.s.security.web.FilterChainProxy - Securing GET /static/layui/font/iconfont.woff2?v=282
2025-08-01 01:58:10.332 [http-nio-8080-exec-8] DEBUG o.s.s.w.c.SecurityContextPersistenceFilter - Set SecurityContextHolder to empty SecurityContext
2025-08-01 01:58:10.332 [http-nio-8080-exec-8] DEBUG o.s.s.w.a.AnonymousAuthenticationFilter - Set SecurityContextHolder to anonymous SecurityContext
2025-08-01 01:58:10.332 [http-nio-8080-exec-8] DEBUG o.s.s.w.a.i.FilterSecurityInterceptor - Authorized filter invocation [GET /static/layui/font/iconfont.woff2?v=282] with attributes [permitAll]
2025-08-01 01:58:10.333 [http-nio-8080-exec-8] DEBUG o.s.security.web.FilterChainProxy - Secured GET /static/layui/font/iconfont.woff2?v=282
2025-08-01 01:58:10.338 [http-nio-8080-exec-8] DEBUG o.s.s.w.c.HttpSessionSecurityContextRepository - Did not store anonymous SecurityContext
2025-08-01 01:58:10.339 [http-nio-8080-exec-8] DEBUG o.s.s.w.c.HttpSessionSecurityContextRepository - Did not store anonymous SecurityContext
2025-08-01 01:58:10.339 [http-nio-8080-exec-8] DEBUG o.s.s.w.c.SecurityContextPersistenceFilter - Cleared SecurityContextHolder to complete request
2025-08-01 01:58:10.532 [http-nio-8080-exec-7] DEBUG o.s.s.w.c.HttpSessionSecurityContextRepository - Did not store anonymous SecurityContext
2025-08-01 01:58:10.535 [http-nio-8080-exec-7] DEBUG o.s.s.w.c.HttpSessionSecurityContextRepository - Did not store anonymous SecurityContext
2025-08-01 01:58:10.535 [http-nio-8080-exec-7] DEBUG o.s.s.w.c.SecurityContextPersistenceFilter - Cleared SecurityContextHolder to complete request
2025-08-01 01:58:10.540 [http-nio-8080-exec-10] DEBUG o.s.security.web.FilterChainProxy - Securing GET /static/layui/layui.js
2025-08-01 01:58:10.540 [http-nio-8080-exec-9] DEBUG o.s.security.web.FilterChainProxy - Securing GET /static/layui/css/layui.css
2025-08-01 01:58:10.540 [http-nio-8080-exec-10] DEBUG o.s.s.w.c.SecurityContextPersistenceFilter - Set SecurityContextHolder to empty SecurityContext
2025-08-01 01:58:10.540 [http-nio-8080-exec-9] DEBUG o.s.s.w.c.SecurityContextPersistenceFilter - Set SecurityContextHolder to empty SecurityContext
2025-08-01 01:58:10.540 [http-nio-8080-exec-9] DEBUG o.s.s.w.a.AnonymousAuthenticationFilter - Set SecurityContextHolder to anonymous SecurityContext
2025-08-01 01:58:10.540 [http-nio-8080-exec-10] DEBUG o.s.s.w.a.AnonymousAuthenticationFilter - Set SecurityContextHolder to anonymous SecurityContext
2025-08-01 01:58:10.541 [http-nio-8080-exec-9] DEBUG o.s.s.w.a.i.FilterSecurityInterceptor - Authorized filter invocation [GET /static/layui/css/layui.css] with attributes [permitAll]
2025-08-01 01:58:10.541 [http-nio-8080-exec-10] DEBUG o.s.s.w.a.i.FilterSecurityInterceptor - Authorized filter invocation [GET /static/layui/layui.js] with attributes [permitAll]
2025-08-01 01:58:10.541 [http-nio-8080-exec-9] DEBUG o.s.security.web.FilterChainProxy - Secured GET /static/layui/css/layui.css
2025-08-01 01:58:10.541 [http-nio-8080-exec-10] DEBUG o.s.security.web.FilterChainProxy - Secured GET /static/layui/layui.js
2025-08-01 01:58:10.542 [http-nio-8080-exec-9] DEBUG o.s.s.w.c.HttpSessionSecurityContextRepository - Did not store anonymous SecurityContext
2025-08-01 01:58:10.542 [http-nio-8080-exec-10] DEBUG o.s.s.w.c.HttpSessionSecurityContextRepository - Did not store anonymous SecurityContext
2025-08-01 01:58:10.544 [http-nio-8080-exec-9] DEBUG o.s.s.w.c.HttpSessionSecurityContextRepository - Did not store anonymous SecurityContext
2025-08-01 01:58:10.544 [http-nio-8080-exec-9] DEBUG o.s.s.w.c.SecurityContextPersistenceFilter - Cleared SecurityContextHolder to complete request
2025-08-01 01:58:10.545 [http-nio-8080-exec-10] DEBUG o.s.s.w.c.HttpSessionSecurityContextRepository - Did not store anonymous SecurityContext
2025-08-01 01:58:10.545 [http-nio-8080-exec-10] DEBUG o.s.s.w.c.SecurityContextPersistenceFilter - Cleared SecurityContextHolder to complete request
2025-08-01 01:58:10.554 [http-nio-8080-exec-1] DEBUG o.s.security.web.FilterChainProxy - Securing GET /static/layui/font/iconfont.woff2?v=282
2025-08-01 01:58:10.554 [http-nio-8080-exec-1] DEBUG o.s.s.w.c.SecurityContextPersistenceFilter - Set SecurityContextHolder to empty SecurityContext
2025-08-01 01:58:10.554 [http-nio-8080-exec-1] DEBUG o.s.s.w.a.AnonymousAuthenticationFilter - Set SecurityContextHolder to anonymous SecurityContext
2025-08-01 01:58:10.554 [http-nio-8080-exec-1] DEBUG o.s.s.w.a.i.FilterSecurityInterceptor - Authorized filter invocation [GET /static/layui/font/iconfont.woff2?v=282] with attributes [permitAll]
2025-08-01 01:58:10.554 [http-nio-8080-exec-1] DEBUG o.s.security.web.FilterChainProxy - Secured GET /static/layui/font/iconfont.woff2?v=282
2025-08-01 01:58:10.556 [http-nio-8080-exec-1] DEBUG o.s.s.w.c.HttpSessionSecurityContextRepository - Did not store anonymous SecurityContext
2025-08-01 01:58:10.557 [http-nio-8080-exec-1] DEBUG o.s.s.w.c.HttpSessionSecurityContextRepository - Did not store anonymous SecurityContext
2025-08-01 01:58:10.557 [http-nio-8080-exec-1] DEBUG o.s.s.w.c.SecurityContextPersistenceFilter - Cleared SecurityContextHolder to complete request
2025-08-01 01:58:10.572 [http-nio-8080-exec-3] DEBUG o.s.security.web.FilterChainProxy - Securing GET /api/login-status
2025-08-01 01:58:10.572 [http-nio-8080-exec-3] DEBUG o.s.s.w.c.SecurityContextPersistenceFilter - Set SecurityContextHolder to empty SecurityContext
2025-08-01 01:58:10.572 [http-nio-8080-exec-3] DEBUG o.s.s.w.a.AnonymousAuthenticationFilter - Set SecurityContextHolder to anonymous SecurityContext
2025-08-01 01:58:10.572 [http-nio-8080-exec-3] DEBUG o.s.s.w.a.i.FilterSecurityInterceptor - Authorized filter invocation [GET /api/login-status] with attributes [permitAll]
2025-08-01 01:58:10.572 [http-nio-8080-exec-3] DEBUG o.s.security.web.FilterChainProxy - Secured GET /api/login-status
2025-08-01 01:58:10.575 [http-nio-8080-exec-3] DEBUG o.s.s.w.c.HttpSessionSecurityContextRepository - Did not store anonymous SecurityContext
2025-08-01 01:58:10.575 [http-nio-8080-exec-3] DEBUG o.s.s.w.c.HttpSessionSecurityContextRepository - Did not store anonymous SecurityContext
2025-08-01 01:58:10.575 [http-nio-8080-exec-3] DEBUG o.s.s.w.c.SecurityContextPersistenceFilter - Cleared SecurityContextHolder to complete request
2025-08-01 01:58:10.611 [http-nio-8080-exec-2] DEBUG o.s.security.web.FilterChainProxy - Securing GET /favicon.ico
2025-08-01 01:58:10.611 [http-nio-8080-exec-2] DEBUG o.s.s.w.c.SecurityContextPersistenceFilter - Set SecurityContextHolder to empty SecurityContext
2025-08-01 01:58:10.611 [http-nio-8080-exec-2] DEBUG o.s.s.w.a.AnonymousAuthenticationFilter - Set SecurityContextHolder to anonymous SecurityContext
2025-08-01 01:58:10.611 [http-nio-8080-exec-2] DEBUG o.s.s.w.a.i.FilterSecurityInterceptor - Failed to authorize filter invocation [GET /favicon.ico] with attributes [authenticated]
2025-08-01 01:58:10.612 [http-nio-8080-exec-2] DEBUG o.s.s.web.DefaultRedirectStrategy - Redirecting to http://localhost:8080/login
2025-08-01 01:58:10.612 [http-nio-8080-exec-2] DEBUG o.s.s.w.c.HttpSessionSecurityContextRepository - Did not store empty SecurityContext
2025-08-01 01:58:10.612 [http-nio-8080-exec-2] DEBUG o.s.s.w.c.HttpSessionSecurityContextRepository - Did not store empty SecurityContext
2025-08-01 01:58:10.612 [http-nio-8080-exec-2] DEBUG o.s.s.w.c.SecurityContextPersistenceFilter - Cleared SecurityContextHolder to complete request
2025-08-01 01:58:10.613 [http-nio-8080-exec-4] DEBUG o.s.security.web.FilterChainProxy - Securing GET /login
2025-08-01 01:58:10.613 [http-nio-8080-exec-4] DEBUG o.s.s.w.c.SecurityContextPersistenceFilter - Set SecurityContextHolder to empty SecurityContext
2025-08-01 01:58:10.613 [http-nio-8080-exec-4] DEBUG o.s.s.w.a.AnonymousAuthenticationFilter - Set SecurityContextHolder to anonymous SecurityContext
2025-08-01 01:58:10.613 [http-nio-8080-exec-4] DEBUG o.s.s.w.a.i.FilterSecurityInterceptor - Authorized filter invocation [GET /login] with attributes [permitAll]
2025-08-01 01:58:10.613 [http-nio-8080-exec-4] DEBUG o.s.security.web.FilterChainProxy - Secured GET /login
2025-08-01 01:58:10.615 [http-nio-8080-exec-4] DEBUG o.s.s.w.c.HttpSessionSecurityContextRepository - Did not store anonymous SecurityContext
2025-08-01 01:58:10.616 [http-nio-8080-exec-4] DEBUG o.s.s.w.c.HttpSessionSecurityContextRepository - Did not store anonymous SecurityContext
2025-08-01 01:58:10.616 [http-nio-8080-exec-4] DEBUG o.s.s.w.c.SecurityContextPersistenceFilter - Cleared SecurityContextHolder to complete request
2025-08-01 01:58:16.191 [http-nio-8080-exec-5] DEBUG o.s.security.web.FilterChainProxy - Securing GET /login
2025-08-01 01:58:16.191 [http-nio-8080-exec-5] DEBUG o.s.s.w.c.SecurityContextPersistenceFilter - Set SecurityContextHolder to empty SecurityContext
2025-08-01 01:58:16.191 [http-nio-8080-exec-5] DEBUG o.s.s.w.a.AnonymousAuthenticationFilter - Set SecurityContextHolder to anonymous SecurityContext
2025-08-01 01:58:16.191 [http-nio-8080-exec-5] DEBUG o.s.s.w.a.i.FilterSecurityInterceptor - Authorized filter invocation [GET /login] with attributes [permitAll]
2025-08-01 01:58:16.191 [http-nio-8080-exec-5] DEBUG o.s.security.web.FilterChainProxy - Secured GET /login
2025-08-01 01:58:16.194 [http-nio-8080-exec-5] DEBUG o.s.s.w.c.HttpSessionSecurityContextRepository - Did not store anonymous SecurityContext
2025-08-01 01:58:16.195 [http-nio-8080-exec-5] DEBUG o.s.s.w.c.HttpSessionSecurityContextRepository - Did not store anonymous SecurityContext
2025-08-01 01:58:16.195 [http-nio-8080-exec-5] DEBUG o.s.s.w.c.SecurityContextPersistenceFilter - Cleared SecurityContextHolder to complete request
2025-08-01 01:58:16.203 [http-nio-8080-exec-8] DEBUG o.s.security.web.FilterChainProxy - Securing GET /static/layui/layui.js
2025-08-01 01:58:16.203 [http-nio-8080-exec-6] DEBUG o.s.security.web.FilterChainProxy - Securing GET /static/layui/css/layui.css
2025-08-01 01:58:16.204 [http-nio-8080-exec-8] DEBUG o.s.s.w.c.SecurityContextPersistenceFilter - Set SecurityContextHolder to empty SecurityContext
2025-08-01 01:58:16.204 [http-nio-8080-exec-6] DEBUG o.s.s.w.c.SecurityContextPersistenceFilter - Set SecurityContextHolder to empty SecurityContext
2025-08-01 01:58:16.204 [http-nio-8080-exec-6] DEBUG o.s.s.w.a.AnonymousAuthenticationFilter - Set SecurityContextHolder to anonymous SecurityContext
2025-08-01 01:58:16.204 [http-nio-8080-exec-8] DEBUG o.s.s.w.a.AnonymousAuthenticationFilter - Set SecurityContextHolder to anonymous SecurityContext
2025-08-01 01:58:16.204 [http-nio-8080-exec-6] DEBUG o.s.s.w.a.i.FilterSecurityInterceptor - Authorized filter invocation [GET /static/layui/css/layui.css] with attributes [permitAll]
2025-08-01 01:58:16.204 [http-nio-8080-exec-8] DEBUG o.s.s.w.a.i.FilterSecurityInterceptor - Authorized filter invocation [GET /static/layui/layui.js] with attributes [permitAll]
2025-08-01 01:58:16.204 [http-nio-8080-exec-6] DEBUG o.s.security.web.FilterChainProxy - Secured GET /static/layui/css/layui.css
2025-08-01 01:58:16.204 [http-nio-8080-exec-8] DEBUG o.s.security.web.FilterChainProxy - Secured GET /static/layui/layui.js
2025-08-01 01:58:16.206 [http-nio-8080-exec-8] DEBUG o.s.s.w.c.HttpSessionSecurityContextRepository - Did not store anonymous SecurityContext
2025-08-01 01:58:16.206 [http-nio-8080-exec-6] DEBUG o.s.s.w.c.HttpSessionSecurityContextRepository - Did not store anonymous SecurityContext
2025-08-01 01:58:16.207 [http-nio-8080-exec-6] DEBUG o.s.s.w.c.HttpSessionSecurityContextRepository - Did not store anonymous SecurityContext
2025-08-01 01:58:16.207 [http-nio-8080-exec-6] DEBUG o.s.s.w.c.SecurityContextPersistenceFilter - Cleared SecurityContextHolder to complete request
2025-08-01 01:58:16.207 [http-nio-8080-exec-8] DEBUG o.s.s.w.c.HttpSessionSecurityContextRepository - Did not store anonymous SecurityContext
2025-08-01 01:58:16.207 [http-nio-8080-exec-8] DEBUG o.s.s.w.c.SecurityContextPersistenceFilter - Cleared SecurityContextHolder to complete request
2025-08-01 01:58:16.219 [http-nio-8080-exec-7] DEBUG o.s.security.web.FilterChainProxy - Securing GET /static/layui/font/iconfont.woff2?v=282
2025-08-01 01:58:16.219 [http-nio-8080-exec-7] DEBUG o.s.s.w.c.SecurityContextPersistenceFilter - Set SecurityContextHolder to empty SecurityContext
2025-08-01 01:58:16.219 [http-nio-8080-exec-7] DEBUG o.s.s.w.a.AnonymousAuthenticationFilter - Set SecurityContextHolder to anonymous SecurityContext
2025-08-01 01:58:16.219 [http-nio-8080-exec-7] DEBUG o.s.s.w.a.i.FilterSecurityInterceptor - Authorized filter invocation [GET /static/layui/font/iconfont.woff2?v=282] with attributes [permitAll]
2025-08-01 01:58:16.219 [http-nio-8080-exec-7] DEBUG o.s.security.web.FilterChainProxy - Secured GET /static/layui/font/iconfont.woff2?v=282
2025-08-01 01:58:16.221 [http-nio-8080-exec-7] DEBUG o.s.s.w.c.HttpSessionSecurityContextRepository - Did not store anonymous SecurityContext
2025-08-01 01:58:16.221 [http-nio-8080-exec-7] DEBUG o.s.s.w.c.HttpSessionSecurityContextRepository - Did not store anonymous SecurityContext
2025-08-01 01:58:16.222 [http-nio-8080-exec-7] DEBUG o.s.s.w.c.SecurityContextPersistenceFilter - Cleared SecurityContextHolder to complete request
2025-08-01 01:58:16.230 [http-nio-8080-exec-9] DEBUG o.s.security.web.FilterChainProxy - Securing GET /api/login-status
2025-08-01 01:58:16.231 [http-nio-8080-exec-9] DEBUG o.s.s.w.c.SecurityContextPersistenceFilter - Set SecurityContextHolder to empty SecurityContext
2025-08-01 01:58:16.231 [http-nio-8080-exec-9] DEBUG o.s.s.w.a.AnonymousAuthenticationFilter - Set SecurityContextHolder to anonymous SecurityContext
2025-08-01 01:58:16.231 [http-nio-8080-exec-9] DEBUG o.s.s.w.a.i.FilterSecurityInterceptor - Authorized filter invocation [GET /api/login-status] with attributes [permitAll]
2025-08-01 01:58:16.231 [http-nio-8080-exec-9] DEBUG o.s.security.web.FilterChainProxy - Secured GET /api/login-status
2025-08-01 01:58:16.232 [http-nio-8080-exec-9] DEBUG o.s.s.w.c.HttpSessionSecurityContextRepository - Did not store anonymous SecurityContext
2025-08-01 01:58:16.232 [http-nio-8080-exec-9] DEBUG o.s.s.w.c.HttpSessionSecurityContextRepository - Did not store anonymous SecurityContext
2025-08-01 01:58:16.232 [http-nio-8080-exec-9] DEBUG o.s.s.w.c.SecurityContextPersistenceFilter - Cleared SecurityContextHolder to complete request
2025-08-01 01:58:16.242 [http-nio-8080-exec-10] DEBUG o.s.security.web.FilterChainProxy - Securing GET /favicon.ico
2025-08-01 01:58:16.242 [http-nio-8080-exec-10] DEBUG o.s.s.w.c.SecurityContextPersistenceFilter - Set SecurityContextHolder to empty SecurityContext
2025-08-01 01:58:16.242 [http-nio-8080-exec-10] DEBUG o.s.s.w.a.AnonymousAuthenticationFilter - Set SecurityContextHolder to anonymous SecurityContext
2025-08-01 01:58:16.242 [http-nio-8080-exec-10] DEBUG o.s.s.w.a.i.FilterSecurityInterceptor - Failed to authorize filter invocation [GET /favicon.ico] with attributes [authenticated]
2025-08-01 01:58:16.242 [http-nio-8080-exec-10] DEBUG o.s.s.web.DefaultRedirectStrategy - Redirecting to http://localhost:8080/login
2025-08-01 01:58:16.242 [http-nio-8080-exec-10] DEBUG o.s.s.w.c.HttpSessionSecurityContextRepository - Did not store empty SecurityContext
2025-08-01 01:58:16.243 [http-nio-8080-exec-10] DEBUG o.s.s.w.c.HttpSessionSecurityContextRepository - Did not store empty SecurityContext
2025-08-01 01:58:16.243 [http-nio-8080-exec-10] DEBUG o.s.s.w.c.SecurityContextPersistenceFilter - Cleared SecurityContextHolder to complete request
2025-08-01 01:58:16.244 [http-nio-8080-exec-1] DEBUG o.s.security.web.FilterChainProxy - Securing GET /login
2025-08-01 01:58:16.244 [http-nio-8080-exec-1] DEBUG o.s.s.w.c.SecurityContextPersistenceFilter - Set SecurityContextHolder to empty SecurityContext
2025-08-01 01:58:16.244 [http-nio-8080-exec-1] DEBUG o.s.s.w.a.AnonymousAuthenticationFilter - Set SecurityContextHolder to anonymous SecurityContext
2025-08-01 01:58:16.245 [http-nio-8080-exec-1] DEBUG o.s.s.w.a.i.FilterSecurityInterceptor - Authorized filter invocation [GET /login] with attributes [permitAll]
2025-08-01 01:58:16.245 [http-nio-8080-exec-1] DEBUG o.s.security.web.FilterChainProxy - Secured GET /login
2025-08-01 01:58:16.246 [http-nio-8080-exec-1] DEBUG o.s.s.w.c.HttpSessionSecurityContextRepository - Did not store anonymous SecurityContext
2025-08-01 01:58:16.247 [http-nio-8080-exec-1] DEBUG o.s.s.w.c.HttpSessionSecurityContextRepository - Did not store anonymous SecurityContext
2025-08-01 01:58:16.247 [http-nio-8080-exec-1] DEBUG o.s.s.w.c.SecurityContextPersistenceFilter - Cleared SecurityContextHolder to complete request
2025-08-01 01:58:23.235 [SpringApplicationShutdownHook] INFO  o.s.o.j.LocalContainerEntityManagerFactoryBean - Closing JPA EntityManagerFactory for persistence unit 'default'
2025-08-01 01:58:23.239 [SpringApplicationShutdownHook] INFO  com.zaxxer.hikari.HikariDataSource - HikariPool - Shutdown initiated...
2025-08-01 01:58:23.241 [SpringApplicationShutdownHook] INFO  com.zaxxer.hikari.HikariDataSource - HikariPool - Shutdown completed.
2025-08-01 02:04:27.375 [restartedMain] INFO  com.easyticket.EasyTicketApplication - Starting EasyTicketApplication using Java 23.0.2 on DESKTOP-001VMVM with PID 22092 (H:\WebProgramming\easy-ticket-system\target\classes started by hp in H:\WebProgramming\easy-ticket-system)
2025-08-01 02:04:27.376 [restartedMain] DEBUG com.easyticket.EasyTicketApplication - Running with Spring Boot v2.7.17, Spring v5.3.30
2025-08-01 02:04:27.376 [restartedMain] INFO  com.easyticket.EasyTicketApplication - No active profile set, falling back to 1 default profile: "default"
2025-08-01 02:04:27.428 [restartedMain] INFO  o.s.b.d.e.DevToolsPropertyDefaultsPostProcessor - Devtools property defaults active! Set 'spring.devtools.add-properties' to 'false' to disable
2025-08-01 02:04:27.428 [restartedMain] INFO  o.s.b.d.e.DevToolsPropertyDefaultsPostProcessor - For additional web related logging consider setting the 'logging.level.web' property to 'DEBUG'
2025-08-01 02:04:28.091 [restartedMain] INFO  o.s.d.r.c.RepositoryConfigurationDelegate - Bootstrapping Spring Data JPA repositories in DEFAULT mode.
2025-08-01 02:04:28.102 [restartedMain] INFO  o.s.d.r.c.RepositoryConfigurationDelegate - Finished Spring Data repository scanning in 6 ms. Found 0 JPA repository interfaces.
2025-08-01 02:04:28.720 [restartedMain] INFO  o.s.b.w.e.tomcat.TomcatWebServer - Tomcat initialized with port(s): 8080 (http)
2025-08-01 02:04:28.726 [restartedMain] INFO  o.a.catalina.core.StandardService - Starting service [Tomcat]
2025-08-01 02:04:28.726 [restartedMain] INFO  o.a.catalina.core.StandardEngine - Starting Servlet engine: [Apache Tomcat/9.0.82]
2025-08-01 02:04:28.939 [restartedMain] INFO  org.apache.jasper.servlet.TldScanner - At least one JAR was scanned for TLDs yet contained no TLDs. Enable debug logging for this logger for a complete list of JARs that were scanned but no TLDs were found in them. Skipping unneeded JARs during scanning can improve startup time and JSP compilation time.
2025-08-01 02:04:28.947 [restartedMain] INFO  o.a.c.c.C.[Tomcat].[localhost].[/] - Initializing Spring embedded WebApplicationContext
2025-08-01 02:04:28.948 [restartedMain] INFO  o.s.b.w.s.c.ServletWebServerApplicationContext - Root WebApplicationContext: initialization completed in 1520 ms
2025-08-01 02:04:29.086 [restartedMain] WARN  o.s.b.a.o.j.JpaBaseConfiguration$JpaWebConfiguration - spring.jpa.open-in-view is enabled by default. Therefore, database queries may be performed during view rendering. Explicitly configure spring.jpa.open-in-view to disable this warning
2025-08-01 02:04:29.115 [restartedMain] INFO  com.zaxxer.hikari.HikariDataSource - HikariPool - Starting...
2025-08-01 02:04:29.232 [restartedMain] INFO  com.zaxxer.hikari.HikariDataSource - HikariPool - Start completed.
2025-08-01 02:04:29.263 [restartedMain] INFO  o.h.jpa.internal.util.LogHelper - HHH000204: Processing PersistenceUnitInfo [name: default]
2025-08-01 02:04:29.302 [restartedMain] INFO  org.hibernate.Version - HHH000412: Hibernate ORM core version 5.6.15.Final
2025-08-01 02:04:29.419 [restartedMain] INFO  o.h.annotations.common.Version - HCANN000001: Hibernate Commons Annotations {5.1.2.Final}
2025-08-01 02:04:29.515 [restartedMain] INFO  org.hibernate.dialect.Dialect - HHH000400: Using dialect: org.hibernate.dialect.MySQL8Dialect
2025-08-01 02:04:30.019 [restartedMain] INFO  o.h.e.t.j.p.i.JtaPlatformInitiator - HHH000490: Using JtaPlatform implementation: [org.hibernate.engine.transaction.jta.platform.internal.NoJtaPlatform]
2025-08-01 02:04:30.027 [restartedMain] INFO  o.s.o.j.LocalContainerEntityManagerFactoryBean - Initialized JPA EntityManagerFactory for persistence unit 'default'
2025-08-01 02:04:30.315 [restartedMain] DEBUG o.s.s.a.p.PrePostAnnotationSecurityMetadataSource - @org.springframework.security.access.prepost.PreAuthorize("hasRole('ADMIN')") found on specific method: public org.springframework.http.ResponseEntity com.easyticket.controller.MainController.getAdminStats()
2025-08-01 02:04:30.327 [restartedMain] DEBUG o.s.s.a.m.DelegatingMethodSecurityMetadataSource - Caching method [CacheKey[com.easyticket.controller.MainController; public org.springframework.http.ResponseEntity com.easyticket.controller.MainController.getAdminStats()]] with attributes [[authorize: 'hasRole('ADMIN')', filter: 'null', filterTarget: 'null']]
2025-08-01 02:04:30.339 [restartedMain] DEBUG o.s.s.a.p.PrePostAnnotationSecurityMetadataSource - @org.springframework.security.access.prepost.PreAuthorize("hasRole('ADMIN') or hasRole('MANAGER')") found on specific method: public java.lang.String com.easyticket.controller.TicketController.eventManagementPage(org.springframework.ui.Model)
2025-08-01 02:04:30.339 [restartedMain] DEBUG o.s.s.a.m.DelegatingMethodSecurityMetadataSource - Caching method [CacheKey[com.easyticket.controller.TicketController; public java.lang.String com.easyticket.controller.TicketController.eventManagementPage(org.springframework.ui.Model)]] with attributes [[authorize: 'hasRole('ADMIN') or hasRole('MANAGER')', filter: 'null', filterTarget: 'null']]
2025-08-01 02:04:30.340 [restartedMain] DEBUG o.s.s.a.p.PrePostAnnotationSecurityMetadataSource - @org.springframework.security.access.prepost.PreAuthorize("hasAnyRole('ADMIN', 'MANAGER')") found on specific method: public org.springframework.http.ResponseEntity com.easyticket.controller.TicketController.updateOrderStatus(java.lang.Long,java.lang.String)
2025-08-01 02:04:30.340 [restartedMain] DEBUG o.s.s.a.m.DelegatingMethodSecurityMetadataSource - Caching method [CacheKey[com.easyticket.controller.TicketController; public org.springframework.http.ResponseEntity com.easyticket.controller.TicketController.updateOrderStatus(java.lang.Long,java.lang.String)]] with attributes [[authorize: 'hasAnyRole('ADMIN', 'MANAGER')', filter: 'null', filterTarget: 'null']]
2025-08-01 02:04:30.340 [restartedMain] DEBUG o.s.s.a.p.PrePostAnnotationSecurityMetadataSource - @org.springframework.security.access.prepost.PreAuthorize("hasAnyRole('ADMIN', 'MANAGER')") found on specific method: public org.springframework.http.ResponseEntity com.easyticket.controller.TicketController.getOrderStats()
2025-08-01 02:04:30.340 [restartedMain] DEBUG o.s.s.a.m.DelegatingMethodSecurityMetadataSource - Caching method [CacheKey[com.easyticket.controller.TicketController; public org.springframework.http.ResponseEntity com.easyticket.controller.TicketController.getOrderStats()]] with attributes [[authorize: 'hasAnyRole('ADMIN', 'MANAGER')', filter: 'null', filterTarget: 'null']]
2025-08-01 02:04:30.341 [restartedMain] DEBUG o.s.s.a.p.PrePostAnnotationSecurityMetadataSource - @org.springframework.security.access.prepost.PreAuthorize("hasAnyRole('ADMIN', 'MANAGER')") found on specific method: public org.springframework.http.ResponseEntity com.easyticket.controller.TicketController.getAllOrders(int,int,java.lang.String,java.lang.String)
2025-08-01 02:04:30.341 [restartedMain] DEBUG o.s.s.a.m.DelegatingMethodSecurityMetadataSource - Caching method [CacheKey[com.easyticket.controller.TicketController; public org.springframework.http.ResponseEntity com.easyticket.controller.TicketController.getAllOrders(int,int,java.lang.String,java.lang.String)]] with attributes [[authorize: 'hasAnyRole('ADMIN', 'MANAGER')', filter: 'null', filterTarget: 'null']]
2025-08-01 02:04:30.341 [restartedMain] DEBUG o.s.s.a.p.PrePostAnnotationSecurityMetadataSource - @org.springframework.security.access.prepost.PreAuthorize("hasRole('ADMIN') or hasRole('MANAGER')") found on specific method: public org.springframework.http.ResponseEntity com.easyticket.controller.TicketController.createEvent(com.easyticket.entity.Event,org.springframework.security.core.Authentication)
2025-08-01 02:04:30.341 [restartedMain] DEBUG o.s.s.a.m.DelegatingMethodSecurityMetadataSource - Caching method [CacheKey[com.easyticket.controller.TicketController; public org.springframework.http.ResponseEntity com.easyticket.controller.TicketController.createEvent(com.easyticket.entity.Event,org.springframework.security.core.Authentication)]] with attributes [[authorize: 'hasRole('ADMIN') or hasRole('MANAGER')', filter: 'null', filterTarget: 'null']]
2025-08-01 02:04:30.341 [restartedMain] DEBUG o.s.s.a.p.PrePostAnnotationSecurityMetadataSource - @org.springframework.security.access.prepost.PreAuthorize("hasRole('ADMIN') or hasRole('MANAGER')") found on specific method: public org.springframework.http.ResponseEntity com.easyticket.controller.TicketController.checkEventDeletion(java.lang.Long,org.springframework.security.core.Authentication)
2025-08-01 02:04:30.341 [restartedMain] DEBUG o.s.s.a.m.DelegatingMethodSecurityMetadataSource - Caching method [CacheKey[com.easyticket.controller.TicketController; public org.springframework.http.ResponseEntity com.easyticket.controller.TicketController.checkEventDeletion(java.lang.Long,org.springframework.security.core.Authentication)]] with attributes [[authorize: 'hasRole('ADMIN') or hasRole('MANAGER')', filter: 'null', filterTarget: 'null']]
2025-08-01 02:04:30.342 [restartedMain] DEBUG o.s.s.a.p.PrePostAnnotationSecurityMetadataSource - @org.springframework.security.access.prepost.PreAuthorize("hasRole('ADMIN') or hasRole('MANAGER')") found on specific method: public org.springframework.http.ResponseEntity com.easyticket.controller.TicketController.toggleEventStatus(java.lang.Long,org.springframework.security.core.Authentication)
2025-08-01 02:04:30.342 [restartedMain] DEBUG o.s.s.a.m.DelegatingMethodSecurityMetadataSource - Caching method [CacheKey[com.easyticket.controller.TicketController; public org.springframework.http.ResponseEntity com.easyticket.controller.TicketController.toggleEventStatus(java.lang.Long,org.springframework.security.core.Authentication)]] with attributes [[authorize: 'hasRole('ADMIN') or hasRole('MANAGER')', filter: 'null', filterTarget: 'null']]
2025-08-01 02:04:30.342 [restartedMain] DEBUG o.s.s.a.p.PrePostAnnotationSecurityMetadataSource - @org.springframework.security.access.prepost.PreAuthorize("hasRole('ADMIN') or hasRole('MANAGER')") found on specific method: public org.springframework.http.ResponseEntity com.easyticket.controller.TicketController.deleteEvent(java.lang.Long,boolean,org.springframework.security.core.Authentication)
2025-08-01 02:04:30.342 [restartedMain] DEBUG o.s.s.a.m.DelegatingMethodSecurityMetadataSource - Caching method [CacheKey[com.easyticket.controller.TicketController; public org.springframework.http.ResponseEntity com.easyticket.controller.TicketController.deleteEvent(java.lang.Long,boolean,org.springframework.security.core.Authentication)]] with attributes [[authorize: 'hasRole('ADMIN') or hasRole('MANAGER')', filter: 'null', filterTarget: 'null']]
2025-08-01 02:04:30.342 [restartedMain] DEBUG o.s.s.a.p.PrePostAnnotationSecurityMetadataSource - @org.springframework.security.access.prepost.PreAuthorize("hasRole('ADMIN') or hasRole('MANAGER')") found on specific method: public org.springframework.http.ResponseEntity com.easyticket.controller.TicketController.updateEvent(java.lang.Long,com.easyticket.entity.Event,org.springframework.security.core.Authentication)
2025-08-01 02:04:30.342 [restartedMain] DEBUG o.s.s.a.m.DelegatingMethodSecurityMetadataSource - Caching method [CacheKey[com.easyticket.controller.TicketController; public org.springframework.http.ResponseEntity com.easyticket.controller.TicketController.updateEvent(java.lang.Long,com.easyticket.entity.Event,org.springframework.security.core.Authentication)]] with attributes [[authorize: 'hasRole('ADMIN') or hasRole('MANAGER')', filter: 'null', filterTarget: 'null']]
2025-08-01 02:04:30.342 [restartedMain] DEBUG o.s.s.a.p.PrePostAnnotationSecurityMetadataSource - @org.springframework.security.access.prepost.PreAuthorize("hasRole('ADMIN') or hasRole('MANAGER')") found on specific method: public org.springframework.http.ResponseEntity com.easyticket.controller.TicketController.getEventById(java.lang.Long)
2025-08-01 02:04:30.342 [restartedMain] DEBUG o.s.s.a.m.DelegatingMethodSecurityMetadataSource - Caching method [CacheKey[com.easyticket.controller.TicketController; public org.springframework.http.ResponseEntity com.easyticket.controller.TicketController.getEventById(java.lang.Long)]] with attributes [[authorize: 'hasRole('ADMIN') or hasRole('MANAGER')', filter: 'null', filterTarget: 'null']]
2025-08-01 02:04:30.342 [restartedMain] DEBUG o.s.s.a.p.PrePostAnnotationSecurityMetadataSource - @org.springframework.security.access.prepost.PreAuthorize("hasAnyRole('ADMIN', 'MANAGER')") found on specific method: public org.springframework.http.ResponseEntity com.easyticket.controller.TicketController.completeOrder(java.lang.Long)
2025-08-01 02:04:30.343 [restartedMain] DEBUG o.s.s.a.m.DelegatingMethodSecurityMetadataSource - Caching method [CacheKey[com.easyticket.controller.TicketController; public org.springframework.http.ResponseEntity com.easyticket.controller.TicketController.completeOrder(java.lang.Long)]] with attributes [[authorize: 'hasAnyRole('ADMIN', 'MANAGER')', filter: 'null', filterTarget: 'null']]
2025-08-01 02:04:30.343 [restartedMain] DEBUG o.s.s.a.p.PrePostAnnotationSecurityMetadataSource - @org.springframework.security.access.prepost.PreAuthorize("hasAnyRole('ADMIN', 'MANAGER')") found on specific method: public java.lang.String com.easyticket.controller.TicketController.allOrdersPage()
2025-08-01 02:04:30.343 [restartedMain] DEBUG o.s.s.a.m.DelegatingMethodSecurityMetadataSource - Caching method [CacheKey[com.easyticket.controller.TicketController; public java.lang.String com.easyticket.controller.TicketController.allOrdersPage()]] with attributes [[authorize: 'hasAnyRole('ADMIN', 'MANAGER')', filter: 'null', filterTarget: 'null']]
2025-08-01 02:04:30.346 [restartedMain] DEBUG o.s.s.a.p.PrePostAnnotationSecurityMetadataSource - @org.springframework.security.access.prepost.PreAuthorize("hasRole('ADMIN')") found on: com.easyticket.controller.UserController
2025-08-01 02:04:30.346 [restartedMain] DEBUG o.s.s.a.m.DelegatingMethodSecurityMetadataSource - Caching method [CacheKey[com.easyticket.controller.UserController; public org.springframework.http.ResponseEntity com.easyticket.controller.UserController.createUser(com.easyticket.entity.User)]] with attributes [[authorize: 'hasRole('ADMIN')', filter: 'null', filterTarget: 'null']]
2025-08-01 02:04:30.346 [restartedMain] DEBUG o.s.s.a.p.PrePostAnnotationSecurityMetadataSource - @org.springframework.security.access.prepost.PreAuthorize("hasRole('ADMIN')") found on: com.easyticket.controller.UserController
2025-08-01 02:04:30.347 [restartedMain] DEBUG o.s.s.a.m.DelegatingMethodSecurityMetadataSource - Caching method [CacheKey[com.easyticket.controller.UserController; public org.springframework.http.ResponseEntity com.easyticket.controller.UserController.updateUser(java.lang.Long,com.easyticket.entity.User)]] with attributes [[authorize: 'hasRole('ADMIN')', filter: 'null', filterTarget: 'null']]
2025-08-01 02:04:30.347 [restartedMain] DEBUG o.s.s.a.p.PrePostAnnotationSecurityMetadataSource - @org.springframework.security.access.prepost.PreAuthorize("hasRole('ADMIN')") found on: com.easyticket.controller.UserController
2025-08-01 02:04:30.347 [restartedMain] DEBUG o.s.s.a.m.DelegatingMethodSecurityMetadataSource - Caching method [CacheKey[com.easyticket.controller.UserController; public org.springframework.http.ResponseEntity com.easyticket.controller.UserController.deleteUser(java.lang.Long)]] with attributes [[authorize: 'hasRole('ADMIN')', filter: 'null', filterTarget: 'null']]
2025-08-01 02:04:30.347 [restartedMain] DEBUG o.s.s.a.p.PrePostAnnotationSecurityMetadataSource - @org.springframework.security.access.prepost.PreAuthorize("hasRole('ADMIN')") found on: com.easyticket.controller.UserController
2025-08-01 02:04:30.347 [restartedMain] DEBUG o.s.s.a.m.DelegatingMethodSecurityMetadataSource - Caching method [CacheKey[com.easyticket.controller.UserController; public org.springframework.http.ResponseEntity com.easyticket.controller.UserController.resetPassword(java.lang.Long,java.util.Map)]] with attributes [[authorize: 'hasRole('ADMIN')', filter: 'null', filterTarget: 'null']]
2025-08-01 02:04:30.347 [restartedMain] DEBUG o.s.s.a.p.PrePostAnnotationSecurityMetadataSource - @org.springframework.security.access.prepost.PreAuthorize("hasRole('ADMIN')") found on: com.easyticket.controller.UserController
2025-08-01 02:04:30.347 [restartedMain] DEBUG o.s.s.a.m.DelegatingMethodSecurityMetadataSource - Caching method [CacheKey[com.easyticket.controller.UserController; public org.springframework.http.ResponseEntity com.easyticket.controller.UserController.getUserStats()]] with attributes [[authorize: 'hasRole('ADMIN')', filter: 'null', filterTarget: 'null']]
2025-08-01 02:04:30.347 [restartedMain] DEBUG o.s.s.a.p.PrePostAnnotationSecurityMetadataSource - @org.springframework.security.access.prepost.PreAuthorize("hasRole('ADMIN')") found on: com.easyticket.controller.UserController
2025-08-01 02:04:30.347 [restartedMain] DEBUG o.s.s.a.m.DelegatingMethodSecurityMetadataSource - Caching method [CacheKey[com.easyticket.controller.UserController; public org.springframework.http.ResponseEntity com.easyticket.controller.UserController.updateUserStatus(java.lang.Long,java.util.Map)]] with attributes [[authorize: 'hasRole('ADMIN')', filter: 'null', filterTarget: 'null']]
2025-08-01 02:04:30.347 [restartedMain] DEBUG o.s.s.a.p.PrePostAnnotationSecurityMetadataSource - @org.springframework.security.access.prepost.PreAuthorize("hasRole('ADMIN')") found on: com.easyticket.controller.UserController
2025-08-01 02:04:30.347 [restartedMain] DEBUG o.s.s.a.m.DelegatingMethodSecurityMetadataSource - Caching method [CacheKey[com.easyticket.controller.UserController; public java.lang.String com.easyticket.controller.UserController.userListPage()]] with attributes [[authorize: 'hasRole('ADMIN')', filter: 'null', filterTarget: 'null']]
2025-08-01 02:04:30.348 [restartedMain] DEBUG o.s.s.a.p.PrePostAnnotationSecurityMetadataSource - @org.springframework.security.access.prepost.PreAuthorize("hasRole('ADMIN')") found on: com.easyticket.controller.UserController
2025-08-01 02:04:30.348 [restartedMain] DEBUG o.s.s.a.m.DelegatingMethodSecurityMetadataSource - Caching method [CacheKey[com.easyticket.controller.UserController; public org.springframework.http.ResponseEntity com.easyticket.controller.UserController.updateUserRole(java.lang.Long,java.util.Map)]] with attributes [[authorize: 'hasRole('ADMIN')', filter: 'null', filterTarget: 'null']]
2025-08-01 02:04:30.348 [restartedMain] DEBUG o.s.s.a.p.PrePostAnnotationSecurityMetadataSource - @org.springframework.security.access.prepost.PreAuthorize("hasRole('ADMIN')") found on: com.easyticket.controller.UserController
2025-08-01 02:04:30.348 [restartedMain] DEBUG o.s.s.a.m.DelegatingMethodSecurityMetadataSource - Caching method [CacheKey[com.easyticket.controller.UserController; public org.springframework.http.ResponseEntity com.easyticket.controller.UserController.getUserList(int,int,java.lang.String,java.lang.String,java.lang.Boolean)]] with attributes [[authorize: 'hasRole('ADMIN')', filter: 'null', filterTarget: 'null']]
2025-08-01 02:04:30.348 [restartedMain] DEBUG o.s.s.a.p.PrePostAnnotationSecurityMetadataSource - @org.springframework.security.access.prepost.PreAuthorize("hasRole('ADMIN')") found on: com.easyticket.controller.UserController
2025-08-01 02:04:30.348 [restartedMain] DEBUG o.s.s.a.m.DelegatingMethodSecurityMetadataSource - Caching method [CacheKey[com.easyticket.controller.UserController; public org.springframework.http.ResponseEntity com.easyticket.controller.UserController.getUserDetail(java.lang.Long)]] with attributes [[authorize: 'hasRole('ADMIN')', filter: 'null', filterTarget: 'null']]
2025-08-01 02:04:30.348 [restartedMain] DEBUG o.s.s.a.p.PrePostAnnotationSecurityMetadataSource - @org.springframework.security.access.prepost.PreAuthorize("hasRole('ADMIN')") found on: com.easyticket.controller.UserController
2025-08-01 02:04:30.348 [restartedMain] DEBUG o.s.s.a.m.DelegatingMethodSecurityMetadataSource - Caching method [CacheKey[com.easyticket.controller.UserController; public org.springframework.http.ResponseEntity com.easyticket.controller.UserController.batchDeleteUsers(java.util.Map)]] with attributes [[authorize: 'hasRole('ADMIN')', filter: 'null', filterTarget: 'null']]
2025-08-01 02:04:30.576 [restartedMain] DEBUG o.s.s.w.a.e.ExpressionBasedFilterInvocationSecurityMetadataSource - Adding web access control expression [permitAll] for ExactUrl [processUrl='/login?error']
2025-08-01 02:04:30.576 [restartedMain] DEBUG o.s.s.w.a.e.ExpressionBasedFilterInvocationSecurityMetadataSource - Adding web access control expression [permitAll] for ExactUrl [processUrl='/perform-login']
2025-08-01 02:04:30.577 [restartedMain] DEBUG o.s.s.w.a.e.ExpressionBasedFilterInvocationSecurityMetadataSource - Adding web access control expression [permitAll] for ExactUrl [processUrl='/login']
2025-08-01 02:04:30.577 [restartedMain] DEBUG o.s.s.w.a.e.ExpressionBasedFilterInvocationSecurityMetadataSource - Adding web access control expression [permitAll] for Ant [pattern='/logout', POST]
2025-08-01 02:04:30.577 [restartedMain] DEBUG o.s.s.w.a.e.ExpressionBasedFilterInvocationSecurityMetadataSource - Adding web access control expression [permitAll] for ExactUrl [processUrl='/login?logout']
2025-08-01 02:04:30.577 [restartedMain] DEBUG o.s.s.w.a.e.ExpressionBasedFilterInvocationSecurityMetadataSource - Adding web access control expression [permitAll] for Ant [pattern='/static/**']
2025-08-01 02:04:30.577 [restartedMain] DEBUG o.s.s.w.a.e.ExpressionBasedFilterInvocationSecurityMetadataSource - Adding web access control expression [permitAll] for Ant [pattern='/css/**']
2025-08-01 02:04:30.577 [restartedMain] DEBUG o.s.s.w.a.e.ExpressionBasedFilterInvocationSecurityMetadataSource - Adding web access control expression [permitAll] for Ant [pattern='/js/**']
2025-08-01 02:04:30.577 [restartedMain] DEBUG o.s.s.w.a.e.ExpressionBasedFilterInvocationSecurityMetadataSource - Adding web access control expression [permitAll] for Ant [pattern='/images/**']
2025-08-01 02:04:30.577 [restartedMain] DEBUG o.s.s.w.a.e.ExpressionBasedFilterInvocationSecurityMetadataSource - Adding web access control expression [permitAll] for Ant [pattern='/layui/**']
2025-08-01 02:04:30.577 [restartedMain] DEBUG o.s.s.w.a.e.ExpressionBasedFilterInvocationSecurityMetadataSource - Adding web access control expression [permitAll] for Ant [pattern='/']
2025-08-01 02:04:30.577 [restartedMain] DEBUG o.s.s.w.a.e.ExpressionBasedFilterInvocationSecurityMetadataSource - Adding web access control expression [permitAll] for Ant [pattern='/login']
2025-08-01 02:04:30.577 [restartedMain] DEBUG o.s.s.w.a.e.ExpressionBasedFilterInvocationSecurityMetadataSource - Adding web access control expression [permitAll] for Ant [pattern='/register']
2025-08-01 02:04:30.577 [restartedMain] DEBUG o.s.s.w.a.e.ExpressionBasedFilterInvocationSecurityMetadataSource - Adding web access control expression [permitAll] for Ant [pattern='/perform-register']
2025-08-01 02:04:30.577 [restartedMain] DEBUG o.s.s.w.a.e.ExpressionBasedFilterInvocationSecurityMetadataSource - Adding web access control expression [permitAll] for Ant [pattern='/activate']
2025-08-01 02:04:30.577 [restartedMain] DEBUG o.s.s.w.a.e.ExpressionBasedFilterInvocationSecurityMetadataSource - Adding web access control expression [permitAll] for Ant [pattern='/forgot-password']
2025-08-01 02:04:30.578 [restartedMain] DEBUG o.s.s.w.a.e.ExpressionBasedFilterInvocationSecurityMetadataSource - Adding web access control expression [permitAll] for Ant [pattern='/reset-password']
2025-08-01 02:04:30.578 [restartedMain] DEBUG o.s.s.w.a.e.ExpressionBasedFilterInvocationSecurityMetadataSource - Adding web access control expression [permitAll] for Ant [pattern='/captcha']
2025-08-01 02:04:30.578 [restartedMain] DEBUG o.s.s.w.a.e.ExpressionBasedFilterInvocationSecurityMetadataSource - Adding web access control expression [permitAll] for Ant [pattern='/api/**']
2025-08-01 02:04:30.578 [restartedMain] DEBUG o.s.s.w.a.e.ExpressionBasedFilterInvocationSecurityMetadataSource - Adding web access control expression [hasRole('ROLE_ADMIN')] for Ant [pattern='/admin/**']
2025-08-01 02:04:30.578 [restartedMain] DEBUG o.s.s.w.a.e.ExpressionBasedFilterInvocationSecurityMetadataSource - Adding web access control expression [hasAnyRole('ROLE_ADMIN','ROLE_MANAGER')] for Ant [pattern='/manage/**']
2025-08-01 02:04:30.578 [restartedMain] DEBUG o.s.s.w.a.e.ExpressionBasedFilterInvocationSecurityMetadataSource - Adding web access control expression [authenticated] for any request
2025-08-01 02:04:30.583 [restartedMain] INFO  o.s.s.web.DefaultSecurityFilterChain - Will secure any request with [org.springframework.security.web.session.DisableEncodeUrlFilter@6255990c, org.springframework.security.web.context.request.async.WebAsyncManagerIntegrationFilter@4d226289, org.springframework.security.web.context.SecurityContextPersistenceFilter@6ec803cd, org.springframework.security.web.header.HeaderWriterFilter@7e3c38f0, org.springframework.security.web.csrf.CsrfFilter@1a05871d, org.springframework.security.web.authentication.logout.LogoutFilter@1602d458, org.springframework.security.web.authentication.UsernamePasswordAuthenticationFilter@185b7d92, org.springframework.security.web.session.ConcurrentSessionFilter@7b9d91e2, org.springframework.security.web.savedrequest.RequestCacheAwareFilter@4b191bcc, org.springframework.security.web.servletapi.SecurityContextHolderAwareRequestFilter@d0a5d5e, org.springframework.security.web.authentication.AnonymousAuthenticationFilter@33c2f5c3, org.springframework.security.web.session.SessionManagementFilter@673205dc, org.springframework.security.web.access.ExceptionTranslationFilter@74f32fb9, org.springframework.security.web.access.intercept.FilterSecurityInterceptor@390131b3]
2025-08-01 02:04:30.832 [restartedMain] INFO  o.s.b.d.a.OptionalLiveReloadServer - LiveReload server is running on port 35729
2025-08-01 02:04:30.838 [restartedMain] INFO  o.s.b.a.e.web.EndpointLinksResolver - Exposing 3 endpoint(s) beneath base path '/actuator'
2025-08-01 02:04:30.888 [restartedMain] INFO  o.s.b.w.e.tomcat.TomcatWebServer - Tomcat started on port(s): 8080 (http) with context path ''
2025-08-01 02:04:30.900 [restartedMain] INFO  com.easyticket.EasyTicketApplication - Started EasyTicketApplication in 3.857 seconds (JVM running for 4.53)
2025-08-01 02:04:30.986 [RMI TCP Connection(4)-192.168.254.102] INFO  o.a.c.c.C.[Tomcat].[localhost].[/] - Initializing Spring DispatcherServlet 'dispatcherServlet'
2025-08-01 02:04:30.986 [RMI TCP Connection(4)-192.168.254.102] INFO  o.s.web.servlet.DispatcherServlet - Initializing Servlet 'dispatcherServlet'
2025-08-01 02:04:30.988 [RMI TCP Connection(4)-192.168.254.102] INFO  o.s.web.servlet.DispatcherServlet - Completed initialization in 2 ms
2025-08-01 02:05:13.728 [http-nio-8080-exec-1] DEBUG o.s.security.web.FilterChainProxy - Securing GET /register
2025-08-01 02:05:13.730 [http-nio-8080-exec-1] DEBUG o.s.s.w.c.SecurityContextPersistenceFilter - Set SecurityContextHolder to empty SecurityContext
2025-08-01 02:05:13.732 [http-nio-8080-exec-1] DEBUG o.s.s.w.a.AnonymousAuthenticationFilter - Set SecurityContextHolder to anonymous SecurityContext
2025-08-01 02:05:13.735 [http-nio-8080-exec-1] DEBUG o.s.s.w.a.i.FilterSecurityInterceptor - Authorized filter invocation [GET /register] with attributes [permitAll]
2025-08-01 02:05:13.736 [http-nio-8080-exec-1] DEBUG o.s.security.web.FilterChainProxy - Secured GET /register
2025-08-01 02:05:14.355 [http-nio-8080-exec-1] DEBUG o.s.s.w.c.HttpSessionSecurityContextRepository - Did not store anonymous SecurityContext
2025-08-01 02:05:14.358 [http-nio-8080-exec-1] DEBUG o.s.s.w.c.HttpSessionSecurityContextRepository - Did not store anonymous SecurityContext
2025-08-01 02:05:14.358 [http-nio-8080-exec-1] DEBUG o.s.s.w.c.SecurityContextPersistenceFilter - Cleared SecurityContextHolder to complete request
2025-08-01 02:05:14.363 [http-nio-8080-exec-2] DEBUG o.s.security.web.FilterChainProxy - Securing GET /captcha
2025-08-01 02:05:14.363 [http-nio-8080-exec-4] DEBUG o.s.security.web.FilterChainProxy - Securing GET /static/layui/layui.js
2025-08-01 02:05:14.363 [http-nio-8080-exec-2] DEBUG o.s.s.w.c.SecurityContextPersistenceFilter - Set SecurityContextHolder to empty SecurityContext
2025-08-01 02:05:14.363 [http-nio-8080-exec-4] DEBUG o.s.s.w.c.SecurityContextPersistenceFilter - Set SecurityContextHolder to empty SecurityContext
2025-08-01 02:05:14.363 [http-nio-8080-exec-3] DEBUG o.s.security.web.FilterChainProxy - Securing GET /static/layui/css/layui.css
2025-08-01 02:05:14.363 [http-nio-8080-exec-2] DEBUG o.s.s.w.a.AnonymousAuthenticationFilter - Set SecurityContextHolder to anonymous SecurityContext
2025-08-01 02:05:14.363 [http-nio-8080-exec-3] DEBUG o.s.s.w.c.SecurityContextPersistenceFilter - Set SecurityContextHolder to empty SecurityContext
2025-08-01 02:05:14.363 [http-nio-8080-exec-4] DEBUG o.s.s.w.a.AnonymousAuthenticationFilter - Set SecurityContextHolder to anonymous SecurityContext
2025-08-01 02:05:14.363 [http-nio-8080-exec-3] DEBUG o.s.s.w.a.AnonymousAuthenticationFilter - Set SecurityContextHolder to anonymous SecurityContext
2025-08-01 02:05:14.363 [http-nio-8080-exec-2] DEBUG o.s.s.w.a.i.FilterSecurityInterceptor - Authorized filter invocation [GET /captcha] with attributes [permitAll]
2025-08-01 02:05:14.363 [http-nio-8080-exec-4] DEBUG o.s.s.w.a.i.FilterSecurityInterceptor - Authorized filter invocation [GET /static/layui/layui.js] with attributes [permitAll]
2025-08-01 02:05:14.363 [http-nio-8080-exec-2] DEBUG o.s.security.web.FilterChainProxy - Secured GET /captcha
2025-08-01 02:05:14.363 [http-nio-8080-exec-4] DEBUG o.s.security.web.FilterChainProxy - Secured GET /static/layui/layui.js
2025-08-01 02:05:14.363 [http-nio-8080-exec-3] DEBUG o.s.s.w.a.i.FilterSecurityInterceptor - Authorized filter invocation [GET /static/layui/css/layui.css] with attributes [permitAll]
2025-08-01 02:05:14.363 [http-nio-8080-exec-3] DEBUG o.s.security.web.FilterChainProxy - Secured GET /static/layui/css/layui.css
2025-08-01 02:05:14.370 [http-nio-8080-exec-3] DEBUG o.s.s.w.c.HttpSessionSecurityContextRepository - Did not store anonymous SecurityContext
2025-08-01 02:05:14.370 [http-nio-8080-exec-4] DEBUG o.s.s.w.c.HttpSessionSecurityContextRepository - Did not store anonymous SecurityContext
2025-08-01 02:05:14.372 [http-nio-8080-exec-3] DEBUG o.s.s.w.c.HttpSessionSecurityContextRepository - Did not store anonymous SecurityContext
2025-08-01 02:05:14.372 [http-nio-8080-exec-3] DEBUG o.s.s.w.c.SecurityContextPersistenceFilter - Cleared SecurityContextHolder to complete request
2025-08-01 02:05:14.374 [http-nio-8080-exec-4] DEBUG o.s.s.w.c.HttpSessionSecurityContextRepository - Did not store anonymous SecurityContext
2025-08-01 02:05:14.374 [http-nio-8080-exec-4] DEBUG o.s.s.w.c.SecurityContextPersistenceFilter - Cleared SecurityContextHolder to complete request
2025-08-01 02:05:14.384 [http-nio-8080-exec-5] DEBUG o.s.security.web.FilterChainProxy - Securing GET /static/layui/font/iconfont.woff2?v=282
2025-08-01 02:05:14.384 [http-nio-8080-exec-5] DEBUG o.s.s.w.c.SecurityContextPersistenceFilter - Set SecurityContextHolder to empty SecurityContext
2025-08-01 02:05:14.384 [http-nio-8080-exec-5] DEBUG o.s.s.w.a.AnonymousAuthenticationFilter - Set SecurityContextHolder to anonymous SecurityContext
2025-08-01 02:05:14.385 [http-nio-8080-exec-5] DEBUG o.s.s.w.a.i.FilterSecurityInterceptor - Authorized filter invocation [GET /static/layui/font/iconfont.woff2?v=282] with attributes [permitAll]
2025-08-01 02:05:14.385 [http-nio-8080-exec-5] DEBUG o.s.security.web.FilterChainProxy - Secured GET /static/layui/font/iconfont.woff2?v=282
2025-08-01 02:05:14.391 [http-nio-8080-exec-5] DEBUG o.s.s.w.c.HttpSessionSecurityContextRepository - Did not store anonymous SecurityContext
2025-08-01 02:05:14.391 [http-nio-8080-exec-5] DEBUG o.s.s.w.c.HttpSessionSecurityContextRepository - Did not store anonymous SecurityContext
2025-08-01 02:05:14.391 [http-nio-8080-exec-5] DEBUG o.s.s.w.c.SecurityContextPersistenceFilter - Cleared SecurityContextHolder to complete request
2025-08-01 02:05:14.515 [http-nio-8080-exec-2] DEBUG o.s.s.w.c.HttpSessionSecurityContextRepository - Did not store anonymous SecurityContext
2025-08-01 02:05:14.517 [http-nio-8080-exec-2] DEBUG o.s.s.w.c.HttpSessionSecurityContextRepository - Did not store anonymous SecurityContext
2025-08-01 02:05:14.517 [http-nio-8080-exec-2] DEBUG o.s.s.w.c.SecurityContextPersistenceFilter - Cleared SecurityContextHolder to complete request
2025-08-01 02:05:14.537 [http-nio-8080-exec-6] DEBUG o.s.security.web.FilterChainProxy - Securing GET /favicon.ico
2025-08-01 02:05:14.537 [http-nio-8080-exec-6] DEBUG o.s.s.w.c.SecurityContextPersistenceFilter - Set SecurityContextHolder to empty SecurityContext
2025-08-01 02:05:14.537 [http-nio-8080-exec-6] DEBUG o.s.s.w.a.AnonymousAuthenticationFilter - Set SecurityContextHolder to anonymous SecurityContext
2025-08-01 02:05:14.538 [http-nio-8080-exec-6] DEBUG o.s.s.w.a.i.FilterSecurityInterceptor - Failed to authorize filter invocation [GET /favicon.ico] with attributes [authenticated]
2025-08-01 02:05:14.539 [http-nio-8080-exec-6] DEBUG o.s.s.web.DefaultRedirectStrategy - Redirecting to http://localhost:8080/login
2025-08-01 02:05:14.539 [http-nio-8080-exec-6] DEBUG o.s.s.w.c.HttpSessionSecurityContextRepository - Did not store empty SecurityContext
2025-08-01 02:05:14.540 [http-nio-8080-exec-6] DEBUG o.s.s.w.c.HttpSessionSecurityContextRepository - Did not store empty SecurityContext
2025-08-01 02:05:14.540 [http-nio-8080-exec-6] DEBUG o.s.s.w.c.SecurityContextPersistenceFilter - Cleared SecurityContextHolder to complete request
2025-08-01 02:05:14.542 [http-nio-8080-exec-7] DEBUG o.s.security.web.FilterChainProxy - Securing GET /login
2025-08-01 02:05:14.542 [http-nio-8080-exec-7] DEBUG o.s.s.w.c.SecurityContextPersistenceFilter - Set SecurityContextHolder to empty SecurityContext
2025-08-01 02:05:14.542 [http-nio-8080-exec-7] DEBUG o.s.s.w.a.AnonymousAuthenticationFilter - Set SecurityContextHolder to anonymous SecurityContext
2025-08-01 02:05:14.542 [http-nio-8080-exec-7] DEBUG o.s.s.w.a.i.FilterSecurityInterceptor - Authorized filter invocation [GET /login] with attributes [permitAll]
2025-08-01 02:05:14.542 [http-nio-8080-exec-7] DEBUG o.s.security.web.FilterChainProxy - Secured GET /login
2025-08-01 02:05:14.662 [http-nio-8080-exec-7] DEBUG o.s.s.w.c.HttpSessionSecurityContextRepository - Did not store anonymous SecurityContext
2025-08-01 02:05:14.663 [http-nio-8080-exec-7] DEBUG o.s.s.w.c.HttpSessionSecurityContextRepository - Did not store anonymous SecurityContext
2025-08-01 02:05:14.663 [http-nio-8080-exec-7] DEBUG o.s.s.w.c.SecurityContextPersistenceFilter - Cleared SecurityContextHolder to complete request
2025-08-01 02:05:30.325 [Catalina-utility-2] DEBUG o.s.s.w.s.HttpSessionEventPublisher - Publishing event: org.springframework.security.web.session.HttpSessionDestroyedEvent[source=org.apache.catalina.session.StandardSessionFacade@1fb7b413]
2025-08-01 02:05:43.042 [http-nio-8080-exec-8] DEBUG o.s.security.web.FilterChainProxy - Securing GET /login
2025-08-01 02:05:43.043 [http-nio-8080-exec-8] DEBUG o.s.s.w.c.SecurityContextPersistenceFilter - Set SecurityContextHolder to empty SecurityContext
2025-08-01 02:05:43.043 [http-nio-8080-exec-8] DEBUG o.s.s.w.a.AnonymousAuthenticationFilter - Set SecurityContextHolder to anonymous SecurityContext
2025-08-01 02:05:43.043 [http-nio-8080-exec-8] DEBUG o.s.s.w.a.i.FilterSecurityInterceptor - Authorized filter invocation [GET /login] with attributes [permitAll]
2025-08-01 02:05:43.043 [http-nio-8080-exec-8] DEBUG o.s.security.web.FilterChainProxy - Secured GET /login
2025-08-01 02:05:43.047 [http-nio-8080-exec-8] DEBUG o.s.s.w.c.HttpSessionSecurityContextRepository - Did not store anonymous SecurityContext
2025-08-01 02:05:43.048 [http-nio-8080-exec-8] DEBUG o.s.s.w.c.HttpSessionSecurityContextRepository - Did not store anonymous SecurityContext
2025-08-01 02:05:43.048 [http-nio-8080-exec-8] DEBUG o.s.s.w.c.SecurityContextPersistenceFilter - Cleared SecurityContextHolder to complete request
2025-08-01 02:05:43.053 [http-nio-8080-exec-9] DEBUG o.s.security.web.FilterChainProxy - Securing GET /static/layui/css/layui.css
2025-08-01 02:05:43.053 [http-nio-8080-exec-10] DEBUG o.s.security.web.FilterChainProxy - Securing GET /static/layui/layui.js
2025-08-01 02:05:43.054 [http-nio-8080-exec-9] DEBUG o.s.s.w.c.SecurityContextPersistenceFilter - Set SecurityContextHolder to empty SecurityContext
2025-08-01 02:05:43.054 [http-nio-8080-exec-10] DEBUG o.s.s.w.c.SecurityContextPersistenceFilter - Set SecurityContextHolder to empty SecurityContext
2025-08-01 02:05:43.054 [http-nio-8080-exec-9] DEBUG o.s.s.w.a.AnonymousAuthenticationFilter - Set SecurityContextHolder to anonymous SecurityContext
2025-08-01 02:05:43.054 [http-nio-8080-exec-10] DEBUG o.s.s.w.a.AnonymousAuthenticationFilter - Set SecurityContextHolder to anonymous SecurityContext
2025-08-01 02:05:43.054 [http-nio-8080-exec-9] DEBUG o.s.s.w.a.i.FilterSecurityInterceptor - Authorized filter invocation [GET /static/layui/css/layui.css] with attributes [permitAll]
2025-08-01 02:05:43.054 [http-nio-8080-exec-10] DEBUG o.s.s.w.a.i.FilterSecurityInterceptor - Authorized filter invocation [GET /static/layui/layui.js] with attributes [permitAll]
2025-08-01 02:05:43.054 [http-nio-8080-exec-9] DEBUG o.s.security.web.FilterChainProxy - Secured GET /static/layui/css/layui.css
2025-08-01 02:05:43.054 [http-nio-8080-exec-10] DEBUG o.s.security.web.FilterChainProxy - Secured GET /static/layui/layui.js
2025-08-01 02:05:43.055 [http-nio-8080-exec-10] DEBUG o.s.s.w.c.HttpSessionSecurityContextRepository - Did not store anonymous SecurityContext
2025-08-01 02:05:43.055 [http-nio-8080-exec-9] DEBUG o.s.s.w.c.HttpSessionSecurityContextRepository - Did not store anonymous SecurityContext
2025-08-01 02:05:43.057 [http-nio-8080-exec-9] DEBUG o.s.s.w.c.HttpSessionSecurityContextRepository - Did not store anonymous SecurityContext
2025-08-01 02:05:43.057 [http-nio-8080-exec-9] DEBUG o.s.s.w.c.SecurityContextPersistenceFilter - Cleared SecurityContextHolder to complete request
2025-08-01 02:05:43.058 [http-nio-8080-exec-10] DEBUG o.s.s.w.c.HttpSessionSecurityContextRepository - Did not store anonymous SecurityContext
2025-08-01 02:05:43.058 [http-nio-8080-exec-10] DEBUG o.s.s.w.c.SecurityContextPersistenceFilter - Cleared SecurityContextHolder to complete request
2025-08-01 02:05:43.061 [http-nio-8080-exec-1] DEBUG o.s.security.web.FilterChainProxy - Securing GET /static/layui/font/iconfont.woff2?v=282
2025-08-01 02:05:43.061 [http-nio-8080-exec-1] DEBUG o.s.s.w.c.SecurityContextPersistenceFilter - Set SecurityContextHolder to empty SecurityContext
2025-08-01 02:05:43.061 [http-nio-8080-exec-1] DEBUG o.s.s.w.a.AnonymousAuthenticationFilter - Set SecurityContextHolder to anonymous SecurityContext
2025-08-01 02:05:43.061 [http-nio-8080-exec-1] DEBUG o.s.s.w.a.i.FilterSecurityInterceptor - Authorized filter invocation [GET /static/layui/font/iconfont.woff2?v=282] with attributes [permitAll]
2025-08-01 02:05:43.061 [http-nio-8080-exec-1] DEBUG o.s.security.web.FilterChainProxy - Secured GET /static/layui/font/iconfont.woff2?v=282
2025-08-01 02:05:43.063 [http-nio-8080-exec-1] DEBUG o.s.s.w.c.HttpSessionSecurityContextRepository - Did not store anonymous SecurityContext
2025-08-01 02:05:43.064 [http-nio-8080-exec-1] DEBUG o.s.s.w.c.HttpSessionSecurityContextRepository - Did not store anonymous SecurityContext
2025-08-01 02:05:43.064 [http-nio-8080-exec-1] DEBUG o.s.s.w.c.SecurityContextPersistenceFilter - Cleared SecurityContextHolder to complete request
2025-08-01 02:05:43.080 [http-nio-8080-exec-3] DEBUG o.s.security.web.FilterChainProxy - Securing GET /api/login-status
2025-08-01 02:05:43.080 [http-nio-8080-exec-3] DEBUG o.s.s.w.c.SecurityContextPersistenceFilter - Set SecurityContextHolder to empty SecurityContext
2025-08-01 02:05:43.080 [http-nio-8080-exec-3] DEBUG o.s.s.w.a.AnonymousAuthenticationFilter - Set SecurityContextHolder to anonymous SecurityContext
2025-08-01 02:05:43.080 [http-nio-8080-exec-3] DEBUG o.s.s.w.a.i.FilterSecurityInterceptor - Authorized filter invocation [GET /api/login-status] with attributes [permitAll]
2025-08-01 02:05:43.081 [http-nio-8080-exec-3] DEBUG o.s.security.web.FilterChainProxy - Secured GET /api/login-status
2025-08-01 02:05:43.091 [http-nio-8080-exec-3] DEBUG o.s.s.w.c.HttpSessionSecurityContextRepository - Did not store anonymous SecurityContext
2025-08-01 02:05:43.091 [http-nio-8080-exec-3] DEBUG o.s.s.w.c.HttpSessionSecurityContextRepository - Did not store anonymous SecurityContext
2025-08-01 02:05:43.091 [http-nio-8080-exec-3] DEBUG o.s.s.w.c.SecurityContextPersistenceFilter - Cleared SecurityContextHolder to complete request
2025-08-01 02:05:43.092 [http-nio-8080-exec-4] DEBUG o.s.security.web.FilterChainProxy - Securing GET /favicon.ico
2025-08-01 02:05:43.092 [http-nio-8080-exec-4] DEBUG o.s.s.w.c.SecurityContextPersistenceFilter - Set SecurityContextHolder to empty SecurityContext
2025-08-01 02:05:43.092 [http-nio-8080-exec-4] DEBUG o.s.s.w.a.AnonymousAuthenticationFilter - Set SecurityContextHolder to anonymous SecurityContext
2025-08-01 02:05:43.092 [http-nio-8080-exec-4] DEBUG o.s.s.w.a.i.FilterSecurityInterceptor - Failed to authorize filter invocation [GET /favicon.ico] with attributes [authenticated]
2025-08-01 02:05:43.092 [http-nio-8080-exec-4] DEBUG o.s.s.web.DefaultRedirectStrategy - Redirecting to http://localhost:8080/login
2025-08-01 02:05:43.092 [http-nio-8080-exec-4] DEBUG o.s.s.w.c.HttpSessionSecurityContextRepository - Did not store empty SecurityContext
2025-08-01 02:05:43.092 [http-nio-8080-exec-4] DEBUG o.s.s.w.c.HttpSessionSecurityContextRepository - Did not store empty SecurityContext
2025-08-01 02:05:43.092 [http-nio-8080-exec-4] DEBUG o.s.s.w.c.SecurityContextPersistenceFilter - Cleared SecurityContextHolder to complete request
2025-08-01 02:05:43.094 [http-nio-8080-exec-5] DEBUG o.s.security.web.FilterChainProxy - Securing GET /login
2025-08-01 02:05:43.094 [http-nio-8080-exec-5] DEBUG o.s.s.w.c.SecurityContextPersistenceFilter - Set SecurityContextHolder to empty SecurityContext
2025-08-01 02:05:43.094 [http-nio-8080-exec-5] DEBUG o.s.s.w.a.AnonymousAuthenticationFilter - Set SecurityContextHolder to anonymous SecurityContext
2025-08-01 02:05:43.094 [http-nio-8080-exec-5] DEBUG o.s.s.w.a.i.FilterSecurityInterceptor - Authorized filter invocation [GET /login] with attributes [permitAll]
2025-08-01 02:05:43.094 [http-nio-8080-exec-5] DEBUG o.s.security.web.FilterChainProxy - Secured GET /login
2025-08-01 02:05:43.096 [http-nio-8080-exec-5] DEBUG o.s.s.w.c.HttpSessionSecurityContextRepository - Did not store anonymous SecurityContext
2025-08-01 02:05:43.097 [http-nio-8080-exec-5] DEBUG o.s.s.w.c.HttpSessionSecurityContextRepository - Did not store anonymous SecurityContext
2025-08-01 02:05:43.097 [http-nio-8080-exec-5] DEBUG o.s.s.w.c.SecurityContextPersistenceFilter - Cleared SecurityContextHolder to complete request
2025-08-01 02:05:44.739 [http-nio-8080-exec-2] DEBUG o.s.security.web.FilterChainProxy - Securing POST /api/login
2025-08-01 02:05:44.739 [http-nio-8080-exec-2] DEBUG o.s.s.w.c.SecurityContextPersistenceFilter - Set SecurityContextHolder to empty SecurityContext
2025-08-01 02:05:44.739 [http-nio-8080-exec-2] DEBUG o.s.s.w.a.AnonymousAuthenticationFilter - Set SecurityContextHolder to anonymous SecurityContext
2025-08-01 02:05:44.740 [http-nio-8080-exec-2] DEBUG o.s.s.w.a.i.FilterSecurityInterceptor - Authorized filter invocation [POST /api/login] with attributes [permitAll]
2025-08-01 02:05:44.740 [http-nio-8080-exec-2] DEBUG o.s.security.web.FilterChainProxy - Secured POST /api/login
2025-08-01 02:05:44.765 [http-nio-8080-exec-2] DEBUG o.s.s.w.c.HttpSessionSecurityContextRepository - Did not store anonymous SecurityContext
2025-08-01 02:05:44.765 [http-nio-8080-exec-2] DEBUG o.s.s.w.c.HttpSessionSecurityContextRepository - Did not store anonymous SecurityContext
2025-08-01 02:05:44.766 [http-nio-8080-exec-2] DEBUG o.s.s.w.c.SecurityContextPersistenceFilter - Cleared SecurityContextHolder to complete request
2025-08-01 02:05:51.990 [http-nio-8080-exec-6] DEBUG o.s.security.web.FilterChainProxy - Securing POST /api/login
2025-08-01 02:05:51.991 [http-nio-8080-exec-6] DEBUG o.s.s.w.c.SecurityContextPersistenceFilter - Set SecurityContextHolder to empty SecurityContext
2025-08-01 02:05:51.991 [http-nio-8080-exec-6] DEBUG o.s.s.w.a.AnonymousAuthenticationFilter - Set SecurityContextHolder to anonymous SecurityContext
2025-08-01 02:05:51.991 [http-nio-8080-exec-6] DEBUG o.s.s.w.a.i.FilterSecurityInterceptor - Authorized filter invocation [POST /api/login] with attributes [permitAll]
2025-08-01 02:05:51.991 [http-nio-8080-exec-6] DEBUG o.s.security.web.FilterChainProxy - Secured POST /api/login
2025-08-01 02:05:52.220 [http-nio-8080-exec-6] DEBUG o.s.s.a.d.DaoAuthenticationProvider - Authenticated user
2025-08-01 02:05:52.221 [http-nio-8080-exec-6] DEBUG o.s.s.w.s.HttpSessionEventPublisher - Publishing event: org.springframework.security.web.session.HttpSessionDestroyedEvent[source=org.apache.catalina.session.StandardSessionFacade@631a3c8b]
2025-08-01 02:05:52.225 [http-nio-8080-exec-6] DEBUG o.s.s.w.s.HttpSessionEventPublisher - Publishing event: org.springframework.security.web.session.HttpSessionCreatedEvent[source=org.apache.catalina.session.StandardSessionFacade@3083d8e8]
2025-08-01 02:05:52.226 [http-nio-8080-exec-6] INFO  c.e.controller.AuthController - 用户登录成功: admin
2025-08-01 02:05:52.227 [http-nio-8080-exec-6] DEBUG o.s.s.w.c.HttpSessionSecurityContextRepository - Stored SecurityContextImpl [Authentication=UsernamePasswordAuthenticationToken [Principal=com.easyticket.security.CustomUserDetailsService$CustomUserPrincipal@2820bd35, Credentials=[PROTECTED], Authenticated=true, Details=null, Granted Authorities=[ROLE_ADMIN]]] to HttpSession [org.apache.catalina.session.StandardSessionFacade@3083d8e8]
2025-08-01 02:05:52.228 [http-nio-8080-exec-6] DEBUG o.s.s.w.c.HttpSessionSecurityContextRepository - Stored SecurityContextImpl [Authentication=UsernamePasswordAuthenticationToken [Principal=com.easyticket.security.CustomUserDetailsService$CustomUserPrincipal@2820bd35, Credentials=[PROTECTED], Authenticated=true, Details=null, Granted Authorities=[ROLE_ADMIN]]] to HttpSession [org.apache.catalina.session.StandardSessionFacade@3083d8e8]
2025-08-01 02:05:52.228 [http-nio-8080-exec-6] DEBUG o.s.s.w.c.SecurityContextPersistenceFilter - Cleared SecurityContextHolder to complete request
2025-08-01 02:05:53.238 [http-nio-8080-exec-7] DEBUG o.s.security.web.FilterChainProxy - Securing GET /
2025-08-01 02:05:53.238 [http-nio-8080-exec-7] DEBUG o.s.s.w.c.HttpSessionSecurityContextRepository - Retrieved SecurityContextImpl [Authentication=UsernamePasswordAuthenticationToken [Principal=com.easyticket.security.CustomUserDetailsService$CustomUserPrincipal@2820bd35, Credentials=[PROTECTED], Authenticated=true, Details=null, Granted Authorities=[ROLE_ADMIN]]]
2025-08-01 02:05:53.239 [http-nio-8080-exec-7] DEBUG o.s.s.w.c.SecurityContextPersistenceFilter - Set SecurityContextHolder to SecurityContextImpl [Authentication=UsernamePasswordAuthenticationToken [Principal=com.easyticket.security.CustomUserDetailsService$CustomUserPrincipal@2820bd35, Credentials=[PROTECTED], Authenticated=true, Details=null, Granted Authorities=[ROLE_ADMIN]]]
2025-08-01 02:05:53.240 [http-nio-8080-exec-7] DEBUG o.s.s.w.a.i.FilterSecurityInterceptor - Authorized filter invocation [GET /] with attributes [permitAll]
2025-08-01 02:05:53.240 [http-nio-8080-exec-7] DEBUG o.s.security.web.FilterChainProxy - Secured GET /
2025-08-01 02:05:53.327 [http-nio-8080-exec-7] DEBUG o.s.s.w.c.SecurityContextPersistenceFilter - Cleared SecurityContextHolder to complete request
2025-08-01 02:05:53.331 [http-nio-8080-exec-8] DEBUG o.s.security.web.FilterChainProxy - Securing GET /static/layui/css/layui.css
2025-08-01 02:05:53.331 [http-nio-8080-exec-9] DEBUG o.s.security.web.FilterChainProxy - Securing GET /images/avatar-default.svg
2025-08-01 02:05:53.331 [http-nio-8080-exec-10] DEBUG o.s.security.web.FilterChainProxy - Securing GET /static/layui/layui.js
2025-08-01 02:05:53.332 [http-nio-8080-exec-10] DEBUG o.s.s.w.c.HttpSessionSecurityContextRepository - Retrieved SecurityContextImpl [Authentication=UsernamePasswordAuthenticationToken [Principal=com.easyticket.security.CustomUserDetailsService$CustomUserPrincipal@2820bd35, Credentials=[PROTECTED], Authenticated=true, Details=null, Granted Authorities=[ROLE_ADMIN]]]
2025-08-01 02:05:53.332 [http-nio-8080-exec-9] DEBUG o.s.s.w.c.HttpSessionSecurityContextRepository - Retrieved SecurityContextImpl [Authentication=UsernamePasswordAuthenticationToken [Principal=com.easyticket.security.CustomUserDetailsService$CustomUserPrincipal@2820bd35, Credentials=[PROTECTED], Authenticated=true, Details=null, Granted Authorities=[ROLE_ADMIN]]]
2025-08-01 02:05:53.332 [http-nio-8080-exec-8] DEBUG o.s.s.w.c.HttpSessionSecurityContextRepository - Retrieved SecurityContextImpl [Authentication=UsernamePasswordAuthenticationToken [Principal=com.easyticket.security.CustomUserDetailsService$CustomUserPrincipal@2820bd35, Credentials=[PROTECTED], Authenticated=true, Details=null, Granted Authorities=[ROLE_ADMIN]]]
2025-08-01 02:05:53.332 [http-nio-8080-exec-10] DEBUG o.s.s.w.c.SecurityContextPersistenceFilter - Set SecurityContextHolder to SecurityContextImpl [Authentication=UsernamePasswordAuthenticationToken [Principal=com.easyticket.security.CustomUserDetailsService$CustomUserPrincipal@2820bd35, Credentials=[PROTECTED], Authenticated=true, Details=null, Granted Authorities=[ROLE_ADMIN]]]
2025-08-01 02:05:53.332 [http-nio-8080-exec-9] DEBUG o.s.s.w.c.SecurityContextPersistenceFilter - Set SecurityContextHolder to SecurityContextImpl [Authentication=UsernamePasswordAuthenticationToken [Principal=com.easyticket.security.CustomUserDetailsService$CustomUserPrincipal@2820bd35, Credentials=[PROTECTED], Authenticated=true, Details=null, Granted Authorities=[ROLE_ADMIN]]]
2025-08-01 02:05:53.332 [http-nio-8080-exec-8] DEBUG o.s.s.w.c.SecurityContextPersistenceFilter - Set SecurityContextHolder to SecurityContextImpl [Authentication=UsernamePasswordAuthenticationToken [Principal=com.easyticket.security.CustomUserDetailsService$CustomUserPrincipal@2820bd35, Credentials=[PROTECTED], Authenticated=true, Details=null, Granted Authorities=[ROLE_ADMIN]]]
2025-08-01 02:05:53.332 [http-nio-8080-exec-8] DEBUG o.s.s.w.a.i.FilterSecurityInterceptor - Authorized filter invocation [GET /static/layui/css/layui.css] with attributes [permitAll]
2025-08-01 02:05:53.332 [http-nio-8080-exec-9] DEBUG o.s.s.w.a.i.FilterSecurityInterceptor - Authorized filter invocation [GET /images/avatar-default.svg] with attributes [permitAll]
2025-08-01 02:05:53.332 [http-nio-8080-exec-10] DEBUG o.s.s.w.a.i.FilterSecurityInterceptor - Authorized filter invocation [GET /static/layui/layui.js] with attributes [permitAll]
2025-08-01 02:05:53.332 [http-nio-8080-exec-8] DEBUG o.s.security.web.FilterChainProxy - Secured GET /static/layui/css/layui.css
2025-08-01 02:05:53.332 [http-nio-8080-exec-9] DEBUG o.s.security.web.FilterChainProxy - Secured GET /images/avatar-default.svg
2025-08-01 02:05:53.332 [http-nio-8080-exec-10] DEBUG o.s.security.web.FilterChainProxy - Secured GET /static/layui/layui.js
2025-08-01 02:05:53.333 [http-nio-8080-exec-9] DEBUG o.s.s.w.c.SecurityContextPersistenceFilter - Cleared SecurityContextHolder to complete request
2025-08-01 02:05:53.334 [http-nio-8080-exec-8] DEBUG o.s.s.w.c.SecurityContextPersistenceFilter - Cleared SecurityContextHolder to complete request
2025-08-01 02:05:53.335 [http-nio-8080-exec-1] DEBUG o.s.security.web.FilterChainProxy - Securing GET /js/common.js
2025-08-01 02:05:53.335 [http-nio-8080-exec-1] DEBUG o.s.s.w.c.HttpSessionSecurityContextRepository - Retrieved SecurityContextImpl [Authentication=UsernamePasswordAuthenticationToken [Principal=com.easyticket.security.CustomUserDetailsService$CustomUserPrincipal@2820bd35, Credentials=[PROTECTED], Authenticated=true, Details=null, Granted Authorities=[ROLE_ADMIN]]]
2025-08-01 02:05:53.335 [http-nio-8080-exec-1] DEBUG o.s.s.w.c.SecurityContextPersistenceFilter - Set SecurityContextHolder to SecurityContextImpl [Authentication=UsernamePasswordAuthenticationToken [Principal=com.easyticket.security.CustomUserDetailsService$CustomUserPrincipal@2820bd35, Credentials=[PROTECTED], Authenticated=true, Details=null, Granted Authorities=[ROLE_ADMIN]]]
2025-08-01 02:05:53.335 [http-nio-8080-exec-10] DEBUG o.s.s.w.c.SecurityContextPersistenceFilter - Cleared SecurityContextHolder to complete request
2025-08-01 02:05:53.335 [http-nio-8080-exec-1] DEBUG o.s.s.w.a.i.FilterSecurityInterceptor - Authorized filter invocation [GET /js/common.js] with attributes [permitAll]
2025-08-01 02:05:53.335 [http-nio-8080-exec-1] DEBUG o.s.security.web.FilterChainProxy - Secured GET /js/common.js
2025-08-01 02:05:53.337 [http-nio-8080-exec-1] DEBUG o.s.s.w.c.SecurityContextPersistenceFilter - Cleared SecurityContextHolder to complete request
2025-08-01 02:05:53.337 [http-nio-8080-exec-1] DEBUG o.s.security.web.FilterChainProxy - Securing GET /error
2025-08-01 02:05:53.337 [http-nio-8080-exec-1] DEBUG o.s.s.w.c.HttpSessionSecurityContextRepository - Retrieved SecurityContextImpl [Authentication=UsernamePasswordAuthenticationToken [Principal=com.easyticket.security.CustomUserDetailsService$CustomUserPrincipal@2820bd35, Credentials=[PROTECTED], Authenticated=true, Details=null, Granted Authorities=[ROLE_ADMIN]]]
2025-08-01 02:05:53.337 [http-nio-8080-exec-1] DEBUG o.s.s.w.c.SecurityContextPersistenceFilter - Set SecurityContextHolder to SecurityContextImpl [Authentication=UsernamePasswordAuthenticationToken [Principal=com.easyticket.security.CustomUserDetailsService$CustomUserPrincipal@2820bd35, Credentials=[PROTECTED], Authenticated=true, Details=null, Granted Authorities=[ROLE_ADMIN]]]
2025-08-01 02:05:53.337 [http-nio-8080-exec-1] DEBUG o.s.security.web.FilterChainProxy - Secured GET /error
2025-08-01 02:05:53.344 [http-nio-8080-exec-3] DEBUG o.s.security.web.FilterChainProxy - Securing GET /static/layui/font/iconfont.woff2?v=282
2025-08-01 02:05:53.344 [http-nio-8080-exec-3] DEBUG o.s.s.w.c.HttpSessionSecurityContextRepository - Retrieved SecurityContextImpl [Authentication=UsernamePasswordAuthenticationToken [Principal=com.easyticket.security.CustomUserDetailsService$CustomUserPrincipal@2820bd35, Credentials=[PROTECTED], Authenticated=true, Details=null, Granted Authorities=[ROLE_ADMIN]]]
2025-08-01 02:05:53.344 [http-nio-8080-exec-3] DEBUG o.s.s.w.c.SecurityContextPersistenceFilter - Set SecurityContextHolder to SecurityContextImpl [Authentication=UsernamePasswordAuthenticationToken [Principal=com.easyticket.security.CustomUserDetailsService$CustomUserPrincipal@2820bd35, Credentials=[PROTECTED], Authenticated=true, Details=null, Granted Authorities=[ROLE_ADMIN]]]
2025-08-01 02:05:53.344 [http-nio-8080-exec-3] DEBUG o.s.s.w.a.i.FilterSecurityInterceptor - Authorized filter invocation [GET /static/layui/font/iconfont.woff2?v=282] with attributes [permitAll]
2025-08-01 02:05:53.344 [http-nio-8080-exec-3] DEBUG o.s.security.web.FilterChainProxy - Secured GET /static/layui/font/iconfont.woff2?v=282
2025-08-01 02:05:53.347 [http-nio-8080-exec-3] DEBUG o.s.s.w.c.SecurityContextPersistenceFilter - Cleared SecurityContextHolder to complete request
2025-08-01 02:05:53.349 [http-nio-8080-exec-1] DEBUG o.s.s.w.c.SecurityContextPersistenceFilter - Cleared SecurityContextHolder to complete request
2025-08-01 02:05:53.358 [http-nio-8080-exec-4] DEBUG o.s.security.web.FilterChainProxy - Securing GET /dashboard
2025-08-01 02:05:53.358 [http-nio-8080-exec-4] DEBUG o.s.s.w.c.HttpSessionSecurityContextRepository - Retrieved SecurityContextImpl [Authentication=UsernamePasswordAuthenticationToken [Principal=com.easyticket.security.CustomUserDetailsService$CustomUserPrincipal@2820bd35, Credentials=[PROTECTED], Authenticated=true, Details=null, Granted Authorities=[ROLE_ADMIN]]]
2025-08-01 02:05:53.358 [http-nio-8080-exec-4] DEBUG o.s.s.w.c.SecurityContextPersistenceFilter - Set SecurityContextHolder to SecurityContextImpl [Authentication=UsernamePasswordAuthenticationToken [Principal=com.easyticket.security.CustomUserDetailsService$CustomUserPrincipal@2820bd35, Credentials=[PROTECTED], Authenticated=true, Details=null, Granted Authorities=[ROLE_ADMIN]]]
2025-08-01 02:05:53.358 [http-nio-8080-exec-4] DEBUG o.s.s.w.a.i.FilterSecurityInterceptor - Authorized filter invocation [GET /dashboard] with attributes [authenticated]
2025-08-01 02:05:53.358 [http-nio-8080-exec-4] DEBUG o.s.security.web.FilterChainProxy - Secured GET /dashboard
2025-08-01 02:05:53.424 [http-nio-8080-exec-4] DEBUG o.s.s.w.c.SecurityContextPersistenceFilter - Cleared SecurityContextHolder to complete request
2025-08-01 02:05:53.429 [http-nio-8080-exec-5] DEBUG o.s.security.web.FilterChainProxy - Securing GET /layui/css/layui.css
2025-08-01 02:05:53.429 [http-nio-8080-exec-2] DEBUG o.s.security.web.FilterChainProxy - Securing GET /layui/layui.js
2025-08-01 02:05:53.429 [http-nio-8080-exec-5] DEBUG o.s.s.w.c.HttpSessionSecurityContextRepository - Retrieved SecurityContextImpl [Authentication=UsernamePasswordAuthenticationToken [Principal=com.easyticket.security.CustomUserDetailsService$CustomUserPrincipal@2820bd35, Credentials=[PROTECTED], Authenticated=true, Details=null, Granted Authorities=[ROLE_ADMIN]]]
2025-08-01 02:05:53.429 [http-nio-8080-exec-2] DEBUG o.s.s.w.c.HttpSessionSecurityContextRepository - Retrieved SecurityContextImpl [Authentication=UsernamePasswordAuthenticationToken [Principal=com.easyticket.security.CustomUserDetailsService$CustomUserPrincipal@2820bd35, Credentials=[PROTECTED], Authenticated=true, Details=null, Granted Authorities=[ROLE_ADMIN]]]
2025-08-01 02:05:53.429 [http-nio-8080-exec-5] DEBUG o.s.s.w.c.SecurityContextPersistenceFilter - Set SecurityContextHolder to SecurityContextImpl [Authentication=UsernamePasswordAuthenticationToken [Principal=com.easyticket.security.CustomUserDetailsService$CustomUserPrincipal@2820bd35, Credentials=[PROTECTED], Authenticated=true, Details=null, Granted Authorities=[ROLE_ADMIN]]]
2025-08-01 02:05:53.429 [http-nio-8080-exec-2] DEBUG o.s.s.w.c.SecurityContextPersistenceFilter - Set SecurityContextHolder to SecurityContextImpl [Authentication=UsernamePasswordAuthenticationToken [Principal=com.easyticket.security.CustomUserDetailsService$CustomUserPrincipal@2820bd35, Credentials=[PROTECTED], Authenticated=true, Details=null, Granted Authorities=[ROLE_ADMIN]]]
2025-08-01 02:05:53.429 [http-nio-8080-exec-5] DEBUG o.s.s.w.a.i.FilterSecurityInterceptor - Authorized filter invocation [GET /layui/css/layui.css] with attributes [permitAll]
2025-08-01 02:05:53.429 [http-nio-8080-exec-5] DEBUG o.s.security.web.FilterChainProxy - Secured GET /layui/css/layui.css
2025-08-01 02:05:53.429 [http-nio-8080-exec-2] DEBUG o.s.s.w.a.i.FilterSecurityInterceptor - Authorized filter invocation [GET /layui/layui.js] with attributes [permitAll]
2025-08-01 02:05:53.430 [http-nio-8080-exec-2] DEBUG o.s.security.web.FilterChainProxy - Secured GET /layui/layui.js
2025-08-01 02:05:53.431 [http-nio-8080-exec-5] DEBUG o.s.s.w.c.SecurityContextPersistenceFilter - Cleared SecurityContextHolder to complete request
2025-08-01 02:05:53.432 [http-nio-8080-exec-2] DEBUG o.s.s.w.c.SecurityContextPersistenceFilter - Cleared SecurityContextHolder to complete request
2025-08-01 02:05:53.453 [http-nio-8080-exec-6] DEBUG o.s.security.web.FilterChainProxy - Securing GET /layui/font/iconfont.woff2?v=282
2025-08-01 02:05:53.453 [http-nio-8080-exec-6] DEBUG o.s.s.w.c.HttpSessionSecurityContextRepository - Retrieved SecurityContextImpl [Authentication=UsernamePasswordAuthenticationToken [Principal=com.easyticket.security.CustomUserDetailsService$CustomUserPrincipal@2820bd35, Credentials=[PROTECTED], Authenticated=true, Details=null, Granted Authorities=[ROLE_ADMIN]]]
2025-08-01 02:05:53.453 [http-nio-8080-exec-6] DEBUG o.s.s.w.c.SecurityContextPersistenceFilter - Set SecurityContextHolder to SecurityContextImpl [Authentication=UsernamePasswordAuthenticationToken [Principal=com.easyticket.security.CustomUserDetailsService$CustomUserPrincipal@2820bd35, Credentials=[PROTECTED], Authenticated=true, Details=null, Granted Authorities=[ROLE_ADMIN]]]
2025-08-01 02:05:53.454 [http-nio-8080-exec-6] DEBUG o.s.s.w.a.i.FilterSecurityInterceptor - Authorized filter invocation [GET /layui/font/iconfont.woff2?v=282] with attributes [permitAll]
2025-08-01 02:05:53.454 [http-nio-8080-exec-6] DEBUG o.s.security.web.FilterChainProxy - Secured GET /layui/font/iconfont.woff2?v=282
2025-08-01 02:05:53.456 [http-nio-8080-exec-6] DEBUG o.s.s.w.c.SecurityContextPersistenceFilter - Cleared SecurityContextHolder to complete request
2025-08-01 02:05:53.470 [http-nio-8080-exec-9] DEBUG o.s.security.web.FilterChainProxy - Securing GET /api/dashboard/admin-stats
2025-08-01 02:05:53.470 [http-nio-8080-exec-7] DEBUG o.s.security.web.FilterChainProxy - Securing GET /api/dashboard/stats
2025-08-01 02:05:53.470 [http-nio-8080-exec-7] DEBUG o.s.s.w.c.HttpSessionSecurityContextRepository - Retrieved SecurityContextImpl [Authentication=UsernamePasswordAuthenticationToken [Principal=com.easyticket.security.CustomUserDetailsService$CustomUserPrincipal@2820bd35, Credentials=[PROTECTED], Authenticated=true, Details=null, Granted Authorities=[ROLE_ADMIN]]]
2025-08-01 02:05:53.470 [http-nio-8080-exec-7] DEBUG o.s.s.w.c.SecurityContextPersistenceFilter - Set SecurityContextHolder to SecurityContextImpl [Authentication=UsernamePasswordAuthenticationToken [Principal=com.easyticket.security.CustomUserDetailsService$CustomUserPrincipal@2820bd35, Credentials=[PROTECTED], Authenticated=true, Details=null, Granted Authorities=[ROLE_ADMIN]]]
2025-08-01 02:05:53.470 [http-nio-8080-exec-9] DEBUG o.s.s.w.c.HttpSessionSecurityContextRepository - Retrieved SecurityContextImpl [Authentication=UsernamePasswordAuthenticationToken [Principal=com.easyticket.security.CustomUserDetailsService$CustomUserPrincipal@2820bd35, Credentials=[PROTECTED], Authenticated=true, Details=null, Granted Authorities=[ROLE_ADMIN]]]
2025-08-01 02:05:53.470 [http-nio-8080-exec-9] DEBUG o.s.s.w.c.SecurityContextPersistenceFilter - Set SecurityContextHolder to SecurityContextImpl [Authentication=UsernamePasswordAuthenticationToken [Principal=com.easyticket.security.CustomUserDetailsService$CustomUserPrincipal@2820bd35, Credentials=[PROTECTED], Authenticated=true, Details=null, Granted Authorities=[ROLE_ADMIN]]]
2025-08-01 02:05:53.470 [http-nio-8080-exec-9] DEBUG o.s.s.w.a.i.FilterSecurityInterceptor - Authorized filter invocation [GET /api/dashboard/admin-stats] with attributes [permitAll]
2025-08-01 02:05:53.470 [http-nio-8080-exec-7] DEBUG o.s.s.w.a.i.FilterSecurityInterceptor - Authorized filter invocation [GET /api/dashboard/stats] with attributes [permitAll]
2025-08-01 02:05:53.470 [http-nio-8080-exec-9] DEBUG o.s.security.web.FilterChainProxy - Secured GET /api/dashboard/admin-stats
2025-08-01 02:05:53.470 [http-nio-8080-exec-7] DEBUG o.s.security.web.FilterChainProxy - Secured GET /api/dashboard/stats
2025-08-01 02:05:53.472 [http-nio-8080-exec-9] DEBUG o.s.s.a.i.a.MethodSecurityInterceptor - Authorized ReflectiveMethodInvocation: public org.springframework.http.ResponseEntity com.easyticket.controller.MainController.getAdminStats(); target is of class [com.easyticket.controller.MainController] with attributes [[authorize: 'hasRole('ADMIN')', filter: 'null', filterTarget: 'null']]
2025-08-01 02:05:53.478 [http-nio-8080-exec-9] DEBUG o.s.s.w.c.SecurityContextPersistenceFilter - Cleared SecurityContextHolder to complete request
2025-08-01 02:05:53.488 [http-nio-8080-exec-8] DEBUG o.s.security.web.FilterChainProxy - Securing GET /favicon.ico
2025-08-01 02:05:53.488 [http-nio-8080-exec-8] DEBUG o.s.s.w.c.HttpSessionSecurityContextRepository - Retrieved SecurityContextImpl [Authentication=UsernamePasswordAuthenticationToken [Principal=com.easyticket.security.CustomUserDetailsService$CustomUserPrincipal@2820bd35, Credentials=[PROTECTED], Authenticated=true, Details=null, Granted Authorities=[ROLE_ADMIN]]]
2025-08-01 02:05:53.488 [http-nio-8080-exec-8] DEBUG o.s.s.w.c.SecurityContextPersistenceFilter - Set SecurityContextHolder to SecurityContextImpl [Authentication=UsernamePasswordAuthenticationToken [Principal=com.easyticket.security.CustomUserDetailsService$CustomUserPrincipal@2820bd35, Credentials=[PROTECTED], Authenticated=true, Details=null, Granted Authorities=[ROLE_ADMIN]]]
2025-08-01 02:05:53.488 [http-nio-8080-exec-8] DEBUG o.s.s.w.a.i.FilterSecurityInterceptor - Authorized filter invocation [GET /favicon.ico] with attributes [authenticated]
2025-08-01 02:05:53.488 [http-nio-8080-exec-8] DEBUG o.s.security.web.FilterChainProxy - Secured GET /favicon.ico
2025-08-01 02:05:53.489 [http-nio-8080-exec-8] WARN  o.s.web.servlet.PageNotFound - No mapping for GET /favicon.ico
2025-08-01 02:05:53.489 [http-nio-8080-exec-8] DEBUG o.s.s.w.c.SecurityContextPersistenceFilter - Cleared SecurityContextHolder to complete request
2025-08-01 02:05:53.489 [http-nio-8080-exec-8] DEBUG o.s.security.web.FilterChainProxy - Securing GET /error
2025-08-01 02:05:53.489 [http-nio-8080-exec-8] DEBUG o.s.s.w.c.HttpSessionSecurityContextRepository - Retrieved SecurityContextImpl [Authentication=UsernamePasswordAuthenticationToken [Principal=com.easyticket.security.CustomUserDetailsService$CustomUserPrincipal@2820bd35, Credentials=[PROTECTED], Authenticated=true, Details=null, Granted Authorities=[ROLE_ADMIN]]]
2025-08-01 02:05:53.489 [http-nio-8080-exec-8] DEBUG o.s.s.w.c.SecurityContextPersistenceFilter - Set SecurityContextHolder to SecurityContextImpl [Authentication=UsernamePasswordAuthenticationToken [Principal=com.easyticket.security.CustomUserDetailsService$CustomUserPrincipal@2820bd35, Credentials=[PROTECTED], Authenticated=true, Details=null, Granted Authorities=[ROLE_ADMIN]]]
2025-08-01 02:05:53.489 [http-nio-8080-exec-8] DEBUG o.s.security.web.FilterChainProxy - Secured GET /error
2025-08-01 02:05:53.498 [http-nio-8080-exec-8] DEBUG o.s.s.w.c.SecurityContextPersistenceFilter - Cleared SecurityContextHolder to complete request
2025-08-01 02:05:53.502 [http-nio-8080-exec-7] DEBUG o.s.s.w.c.SecurityContextPersistenceFilter - Cleared SecurityContextHolder to complete request
2025-08-01 02:06:38.266 [SpringApplicationShutdownHook] INFO  o.s.o.j.LocalContainerEntityManagerFactoryBean - Closing JPA EntityManagerFactory for persistence unit 'default'
2025-08-01 02:06:38.270 [SpringApplicationShutdownHook] INFO  com.zaxxer.hikari.HikariDataSource - HikariPool - Shutdown initiated...
2025-08-01 02:06:38.274 [SpringApplicationShutdownHook] INFO  com.zaxxer.hikari.HikariDataSource - HikariPool - Shutdown completed.
